proximity_mode,average_degree,mean_shortest_path,num_nodes,dim,S,S_general,S_smallworld_general,mean_shortest_path_prediction,msp_prediction_error,relative_msp_prediction_error,intended_size,false_edge_number
experimental,2.04,4.790204081632653,50,2,0.6774371578779854,0.9675737955642231,0.8729946308733061,7.175376890418584,2.3851728087859314,0.497927179748256,50,0
experimental,2.04,4.711836734693877,50,2,0.6663543413891839,0.951744367415933,0.8587125101228226,7.175376890418584,2.463540155724707,0.5228407295153787,50,0
experimental,2.2,4.835102040816326,50,2,0.6837866881580279,1.0142195604427442,0.9745013735615053,7.175376890418584,2.340274849602258,0.48401767529339285,50,0
experimental,2.2,4.481632653061224,50,2,0.6337985679533299,0.9400751961557766,0.9032606011907249,7.175376890418584,2.69374423735736,0.6010631495014147,50,0
experimental,2.32,5.2726530612244895,50,2,0.745665746887169,1.135764228221445,1.1342703740840359,7.175376890418584,1.9027238291940947,0.36086649493153217,50,0
experimental,2.28,4.332244897959184,50,2,0.6126719490215523,0.9251143556494722,0.9127067639581647,7.175376890418584,2.8431319924594005,0.656272223622153,50,0
experimental,2.28,4.129795918367347,50,2,0.5840413397588153,0.8818830837065535,0.8700553078696732,7.175376890418584,3.045580972051237,0.7374652482235156,50,0
experimental,2.2,4.835102040816326,50,2,0.6837866881580279,1.0142195604427442,0.9745013735615053,7.175376890418584,2.340274849602258,0.48401767529339285,50,0
experimental,2.2,4.481632653061224,50,2,0.6337985679533299,0.9400751961557766,0.9032606011907249,7.175376890418584,2.69374423735736,0.6010631495014147,50,0
experimental,2.16,4.502040816326531,50,2,0.636684718080622,0.9357316117951697,0.8862572235014036,7.175376890418584,2.6733360740920533,0.5938053836378541,50,0
experimental,2.272727272727273,6.227039627039627,66,2,0.7664955920796956,1.1555355829043903,1.220214730222622,7.175376890418584,0.9483372633789573,0.152293436396486,66,0
experimental,2.1515151515151514,5.601864801864802,66,2,0.6895418907261828,1.0114230801607744,1.0244265914632376,7.175376890418584,1.573512088553782,0.2808907648092429,66,0
experimental,2.242424242424242,5.17948717948718,66,2,0.6375507994314157,0.9547148648952917,0.9983481073933543,7.175376890418584,1.9958897109314044,0.3853450431996276,66,0
experimental,2.272727272727273,6.227039627039627,66,2,0.7664955920796956,1.1555355829043903,1.220214730222622,7.175376890418584,0.9483372633789573,0.152293436396486,66,0
experimental,2.1515151515151514,5.4862470862470865,66,2,0.6753103337271736,0.990548169718042,1.0032832996287766,7.175376890418584,1.6891298041714977,0.30788438391807127,66,0
experimental,2.272727272727273,6.227039627039627,66,2,0.7664955920796956,1.1555355829043903,1.220214730222622,7.175376890418584,0.9483372633789573,0.152293436396486,66,0
experimental,2.3333333333333335,4.97016317016317,66,2,0.6117847950259516,0.9345167107431556,1.0051445474997982,7.175376890418584,2.205213720255414,0.4436904070863768,66,0
experimental,2.272727272727273,6.227039627039627,66,2,0.7664955920796956,1.1555355829043903,1.220214730222622,7.175376890418584,0.9483372633789573,0.152293436396486,66,0
experimental,2.1515151515151514,5.4862470862470865,66,2,0.6753103337271736,0.990548169718042,1.0032832996287766,7.175376890418584,1.6891298041714977,0.30788438391807127,66,0
experimental,2.242424242424242,5.628904428904429,66,2,0.6928702387340155,1.0375542105081683,1.0849734517252347,7.175376890418584,1.5464724615141554,0.2747377364541878,66,0
experimental,2.268292682926829,5.744052996085516,82,2,0.6343245382125181,0.9553468102162225,1.0675826343352655,7.175376890418584,1.431323894333068,0.24918361569931427,82,0
experimental,2.1707317073170733,6.073170731707317,82,2,0.6706695120155314,0.9881244354454065,1.06816376905835,7.175376890418584,1.102206158711267,0.18148776107293954,82,0
experimental,2.268292682926829,6.193917494730503,82,2,0.6840037613247797,1.0301679537716344,1.1511938974772704,7.175376890418584,0.9814593956880815,0.15845535503549435,82,0
experimental,2.1707317073170733,6.073170731707317,82,2,0.6706695120155314,0.9881244354454065,1.06816376905835,7.175376890418584,1.102206158711267,0.18148776107293954,82,0
experimental,2.268292682926829,5.937368262571515,82,2,0.6556726381041326,0.9874988678886284,1.1035119723119504,7.175376890418584,1.2380086278470692,0.20851134258444654,82,0
experimental,2.268292682926829,6.193917494730503,82,2,0.6840037613247797,1.0301679537716344,1.1511938974772704,7.175376890418584,0.9814593956880815,0.15845535503549435,82,0
experimental,2.268292682926829,5.937368262571515,82,2,0.6556726381041326,0.9874988678886284,1.1035119723119504,7.175376890418584,1.2380086278470692,0.20851134258444654,82,0
experimental,2.1707317073170733,6.073170731707317,82,2,0.6706695120155314,0.9881244354454065,1.06816376905835,7.175376890418584,1.102206158711267,0.18148776107293954,82,0
experimental,2.268292682926829,6.193917494730503,82,2,0.6840037613247797,1.0301679537716344,1.1511938974772704,7.175376890418584,0.9814593956880815,0.15845535503549435,82,0
experimental,2.1707317073170733,6.237880156579344,82,2,0.6888586251630596,1.0149231892848947,1.0971332559776281,7.175376890418584,0.9374967338392404,0.15029091779687764,82,0
experimental,2.2857142857142856,6.7574163686093,98,2,0.6826021339349444,1.0319974233107807,1.2183753424648165,7.175376890418584,0.41796052180928456,0.06185211906592968,98,0
experimental,2.2653061224489797,6.527877130233537,98,2,0.6594151693629591,0.9924814148266977,1.1642197684297757,7.175376890418584,0.6474997601850472,0.0991899429580536,98,0
experimental,2.2244897959183674,6.845781611613718,98,2,0.691528371442033,1.0313954510660817,1.1937688236173734,7.175376890418584,0.3295952788048666,0.04814574836067155,98,0
experimental,2.2653061224489797,6.527877130233537,98,2,0.6594151693629591,0.9924814148266977,1.1642197684297757,7.175376890418584,0.6474997601850472,0.0991899429580536,98,0
experimental,2.2244897959183674,6.845781611613718,98,2,0.691528371442033,1.0313954510660817,1.1937688236173734,7.175376890418584,0.3295952788048666,0.04814574836067155,98,0
experimental,2.2244897959183674,6.845781611613718,98,2,0.691528371442033,1.0313954510660817,1.1937688236173734,7.175376890418584,0.3295952788048666,0.04814574836067155,98,0
experimental,2.2857142857142856,6.818640858405217,98,2,0.68878674135057,1.0413476708412446,1.2294142373106118,7.175376890418584,0.3567360320133668,0.05231776235488699,98,0
experimental,2.2857142857142856,6.543446244477172,98,2,0.6609878873999223,0.9993197541063762,1.1797961120243556,7.175376890418584,0.631930645941412,0.09657459117583136,98,0
experimental,2.2244897959183674,6.845781611613718,98,2,0.691528371442033,1.0313954510660817,1.1937688236173734,7.175376890418584,0.3295952788048666,0.04814574836067155,98,0
experimental,2.2448979591836733,7.090889964233116,98,2,0.7162880540509817,1.0732132127532135,1.2506347286161128,7.175376890418584,0.08448692618546794,0.011914855062146667,98,0
experimental,2.245614035087719,7.371991926719454,114,2,0.6904503041660235,1.0346655335746602,1.2591927245038395,7.175376890418584,-0.1966150363008694,-0.02667054416978497,114,0
experimental,2.245614035087719,7.557211613103555,114,2,0.7077977171953196,1.060661279032078,1.2908296665743293,7.175376890418584,-0.381834722684971,-0.0505258741230565,114,0
experimental,2.245614035087719,7.557211613103555,114,2,0.7077977171953196,1.060661279032078,1.2908296665743293,7.175376890418584,-0.381834722684971,-0.0505258741230565,114,0
experimental,2.245614035087719,7.371991926719454,114,2,0.6904503041660235,1.0346655335746602,1.2591927245038395,7.175376890418584,-0.1966150363008694,-0.02667054416978497,114,0
experimental,2.2982456140350878,7.508771929824562,114,2,0.7032609251876579,1.0661411535965128,1.3192848674170503,7.175376890418584,-0.3333950394059775,-0.04440074122930074,114,0
experimental,2.2982456140350878,7.508771929824562,114,2,0.7032609251876579,1.0661411535965128,1.3192848674170503,7.175376890418584,-0.3333950394059775,-0.04440074122930074,114,0
experimental,2.245614035087719,7.371991926719454,114,2,0.6904503041660235,1.0346655335746602,1.2591927245038395,7.175376890418584,-0.1966150363008694,-0.02667054416978497,114,0
experimental,2.2982456140350878,7.508771929824562,114,2,0.7032609251876579,1.0661411535965128,1.3192848674170503,7.175376890418584,-0.3333950394059775,-0.04440074122930074,114,0
experimental,2.245614035087719,7.557211613103555,114,2,0.7077977171953196,1.060661279032078,1.2908296665743293,7.175376890418584,-0.381834722684971,-0.0505258741230565,114,0
experimental,2.245614035087719,7.371991926719454,114,2,0.6904503041660235,1.0346655335746602,1.2591927245038395,7.175376890418584,-0.1966150363008694,-0.02667054416978497,114,0
experimental,2.2615384615384615,8.016696481812762,130,2,0.703110793772433,1.0573670047880341,1.344004379926724,7.175376890418584,-0.8413195913941776,-0.1049459204677206,130,0
experimental,2.2615384615384615,7.841741204531902,130,2,0.6877662008765069,1.0342911732494438,1.3146730138845861,7.175376890418584,-0.6663643141133182,-0.08497657557586989,130,0
experimental,2.2615384615384615,8.016696481812762,130,2,0.703110793772433,1.0573670047880341,1.344004379926724,7.175376890418584,-0.8413195913941776,-0.1049459204677206,130,0
experimental,2.2615384615384615,8.08515205724508,130,2,0.7091147449123523,1.0663959940880687,1.3554810016773626,7.175376890418584,-0.9097751668264964,-0.11252418759536496,130,0
experimental,2.230769230769231,8.063685152057245,130,2,0.7072319727778827,1.0563046922120523,1.3291881964388128,7.175376890418584,-0.8883082616386604,-0.11016157561806975,130,0
experimental,2.230769230769231,8.063685152057245,130,2,0.7072319727778827,1.0563046922120523,1.3291881964388128,7.175376890418584,-0.8883082616386604,-0.11016157561806975,130,0
experimental,2.230769230769231,8.063685152057245,130,2,0.7072319727778827,1.0563046922120523,1.3291881964388128,7.175376890418584,-0.8883082616386604,-0.11016157561806975,130,0
experimental,2.2615384615384615,7.841741204531902,130,2,0.6877662008765069,1.0342911732494438,1.3146730138845861,7.175376890418584,-0.6663643141133182,-0.08497657557586989,130,0
experimental,2.2615384615384615,8.016696481812762,130,2,0.703110793772433,1.0573670047880341,1.344004379926724,7.175376890418584,-0.8413195913941776,-0.1049459204677206,130,0
experimental,2.276923076923077,7.963744782349433,130,2,0.6984666225074083,1.0539495840228217,1.3462191994821793,7.175376890418584,-0.7883678919308492,-0.0989946204300972,130,0
experimental,2.2465753424657535,8.62560226735947,146,2,0.7138599229208634,1.0699746654702926,1.4009177026685549,7.175376890418584,-1.4502253769408862,-0.1681303324671889,146,0
experimental,2.2465753424657535,8.718564005668398,146,2,0.7215534911247815,1.0815062318195814,1.4160159811227604,7.175376890418584,-1.5431871152498138,-0.17700014752962834,146,0
experimental,2.2465753424657535,8.718564005668398,146,2,0.7215534911247815,1.0815062318195814,1.4160159811227604,7.175376890418584,-1.5431871152498138,-0.17700014752962834,146,0
experimental,2.2465753424657535,8.62560226735947,146,2,0.7138599229208634,1.0699746654702926,1.4009177026685549,7.175376890418584,-1.4502253769408862,-0.1681303324671889,146,0
experimental,2.2465753424657535,8.648181388757676,146,2,0.7157285843037257,1.0727755235571625,1.4045848658296882,7.175376890418584,-1.4728044983390918,-0.1703022210257621,146,0
experimental,2.2465753424657535,8.718564005668398,146,2,0.7215534911247815,1.0815062318195814,1.4160159811227604,7.175376890418584,-1.5431871152498138,-0.17700014752962834,146,0
experimental,2.2465753424657535,8.62560226735947,146,2,0.7138599229208634,1.0699746654702926,1.4009177026685549,7.175376890418584,-1.4502253769408862,-0.1681303324671889,146,0
experimental,2.2465753424657535,8.718564005668398,146,2,0.7215534911247815,1.0815062318195814,1.4160159811227604,7.175376890418584,-1.5431871152498138,-0.17700014752962834,146,0
experimental,2.2465753424657535,8.648181388757676,146,2,0.7157285843037257,1.0727755235571625,1.4045848658296882,7.175376890418584,-1.4728044983390918,-0.1703022210257621,146,0
experimental,2.2465753424657535,8.62560226735947,146,2,0.7138599229208634,1.0699746654702926,1.4009177026685549,7.175376890418584,-1.4502253769408862,-0.1681303324671889,146,0
experimental,2.2375,9.45998427672956,160,2,0.7478774235961503,1.118695639404112,1.5011673242579495,7.175376890418584,-2.2846073863109764,-0.24150223927230405,160,0
experimental_with_false_edges=20,2.2,4.01795918367347,50,2,0.568225237061255,0.8428142286846508,0.8098085025611564,7.175376890418584,3.1574177067451146,0.7858262272984082,50,20
experimental_with_false_edges=20,2.24,3.88734693877551,50,2,0.549753876246586,0.8227962607862583,0.801388816994214,7.175376890418584,3.288029951643074,0.8458287884844111,50,20
experimental_with_false_edges=20,2.2,4.318367346938776,50,2,0.6107093669349937,0.9058283766236902,0.8703549326591868,7.175376890418584,2.8570095434798084,0.6615948375733015,50,20
experimental_with_false_edges=20,2.44,4.254693877551021,50,2,0.6017045785378426,0.9398925979033469,0.9701319729850644,7.175376890418584,2.9206830128675634,0.686461375817875,50,20
experimental_with_false_edges=20,2.24,3.990204081632653,50,2,0.5643000728881378,0.8445670144315898,0.8225931410054007,7.175376890418584,3.1851728087859312,0.7982480954915642,50,20
experimental_with_false_edges=20,2.24,3.889795918367347,50,2,0.5501002142618611,0.8233146120635281,0.8018936818516232,7.175376890418584,3.2855809720512372,0.8446666717235605,50,20
experimental_with_false_edges=20,2.24,3.954285714285714,50,2,0.5592204486641038,0.8369645290316328,0.8151884564300657,7.175376890418584,3.22109117613287,0.8145823061029657,50,20
experimental_with_false_edges=20,2.24,3.7444897959183674,50,2,0.5295508253555418,0.7925591029455201,0.7719383669786769,7.175376890418584,3.430887094500217,0.9162495510710192,50,20
experimental_with_false_edges=20,2.44,4.169795918367347,50,2,0.5896981940083077,0.9211380257272248,0.9507740057574269,7.175376890418584,3.005580972051237,0.7207980992096251,50,20
experimental_with_false_edges=20,2.24,3.7444897959183674,50,2,0.5295508253555418,0.7925591029455201,0.7719383669786769,7.175376890418584,3.430887094500217,0.9162495510710192,50,20
experimental_with_false_edges=20,2.212121212121212,4.357575757575757,66,2,0.5363804970553954,0.7977695183668041,0.8257734053546931,7.175376890418584,2.8178011328428267,0.6466442099013441,66,20
experimental_with_false_edges=20,2.3333333333333335,4.452214452214452,66,2,0.5480297150828101,0.8371292174840199,0.90039681349058,7.175376890418584,2.723162438204132,0.6116422439735982,66,20
experimental_with_false_edges=20,2.303030303030303,4.862004662004662,66,2,0.5984714029946205,0.9082245339685451,0.968101162394303,7.175376890418584,2.3133722284139218,0.4758062546694661,66,20
experimental_with_false_edges=20,2.3333333333333335,4.723076923076923,66,2,0.5813705804716176,0.8880582306105346,0.9551748814107922,7.175376890418584,2.452299967341661,0.5192166054632181,66,20
experimental_with_false_edges=20,2.393939393939394,4.53006993006993,66,2,0.5576130619329491,0.8627590312870097,0.943867885661473,7.175376890418584,2.6453069603486545,0.5839439569772424,66,20
experimental_with_false_edges=20,2.3333333333333335,4.134731934731935,66,2,0.5089503186460149,0.7774344533890861,0.8361905066856496,7.175376890418584,3.0406449556866493,0.7353910733958577,66,20
experimental_with_false_edges=20,2.3333333333333335,4.134731934731935,66,2,0.5089503186460149,0.7774344533890861,0.8361905066856496,7.175376890418584,3.0406449556866493,0.7353910733958577,66,20
experimental_with_false_edges=20,2.1818181818181817,5.137529137529137,66,2,0.6323861214882268,0.9340962068234794,0.9566629157048482,7.175376890418584,2.037847752889447,0.396659113425396,66,20
experimental_with_false_edges=20,2.212121212121212,4.357575757575757,66,2,0.5363804970553954,0.7977695183668041,0.8257734053546931,7.175376890418584,2.8178011328428267,0.6466442099013441,66,20
experimental_with_false_edges=20,2.393939393939394,4.5911421911421915,66,2,0.565130537605813,0.874390340651896,0.9565926662544187,7.175376890418584,2.5842346992763927,0.5628740282237877,66,20
experimental_with_false_edges=20,2.4146341463414633,4.675097862089732,82,2,0.5162781914598216,0.8022494886974085,0.9352359264102025,7.175376890418584,2.500279028328852,0.5348078483241091,82,20
experimental_with_false_edges=20,2.4634146341463414,4.564890093345378,82,2,0.5041077793720787,0.7912107112824036,0.9339078252502663,7.175376890418584,2.6104867970732064,0.571861916430087,82,20
experimental_with_false_edges=20,2.1951219512195124,5.5013550135501355,82,2,0.6075230296258495,0.9001027155115157,0.9815402207060387,7.175376890418584,1.6740218768684487,0.30429264658347666,82,20
experimental_with_false_edges=20,2.4146341463414633,4.920806985847636,82,2,0.5434122249669202,0.8444133160049626,0.9843891220788051,7.175376890418584,2.254569904570948,0.45817076570065585,82,20
experimental_with_false_edges=20,2.4146341463414633,4.652514302920807,82,2,0.5137842545565955,0.7983741369228171,0.9307181694553676,7.175376890418584,2.5228625874977775,0.5422578896563407,82,20
experimental_with_false_edges=20,2.1951219512195124,4.8813610358325805,82,2,0.5390561485092855,0.7986625682078369,0.8709221958328185,7.175376890418584,2.2940158545860037,0.4699541455234173,82,20
experimental_with_false_edges=20,2.268292682926829,5.164107196627522,82,2,0.5702802385376748,0.8588906371990048,0.9597946204052109,7.175376890418584,2.0112696937910624,0.3894709418705608,82,20
experimental_with_false_edges=20,2.5121951219512195,4.65672990063234,82,2,0.5142497894451977,0.8150810693223802,0.9734178056168332,7.175376890418584,2.5186469897862445,0.5408617299114205,82,20
experimental_with_false_edges=20,2.6341463414634148,4.613068352905751,82,2,0.5094281780989608,0.8268046546244141,1.0139129270883027,7.175376890418584,2.562308537512833,0.555445603986953,82,20
experimental_with_false_edges=20,2.292682926829268,4.748870822041554,82,2,0.5244250520103598,0.794063856044865,0.8941450029477535,7.175376890418584,2.42650606837703,0.5109648502365174,82,20
experimental_with_false_edges=20,2.3469387755102042,5.167893961708395,98,2,0.5220361235395741,0.7997448208102218,0.9615752994398283,7.175376890418584,2.007482928710189,0.38845280951673367,98,20
experimental_with_false_edges=20,2.5306122448979593,4.929097412160741,98,2,0.4979140293239889,0.7920765680637738,0.9981479808064297,7.175376890418584,2.2462794782578435,0.45571821581695104,98,20
experimental_with_false_edges=20,2.4285714285714284,5.071533768146434,98,2,0.5123022740675582,0.7983654319251711,0.9814656564011411,7.175376890418584,2.10384312227215,0.4148337008985492,98,20
experimental_with_false_edges=20,2.3877551020408165,5.072164948453608,98,2,0.5123660329068945,0.7917265729079477,0.9628371911688254,7.175376890418584,2.103211941964976,0.41465763896463964,98,20
experimental_with_false_edges=20,2.4081632653061225,5.398485167262781,98,2,0.5453293528437866,0.8462561507643319,1.0348025480956662,7.175376890418584,1.7768917231558028,0.32914635645035,98,20
experimental_with_false_edges=20,2.306122448979592,5.249316221333895,98,2,0.530261013813963,0.8052502708072755,0.9566388770081533,7.175376890418584,1.9260606690846895,0.36691648738114346,98,20
experimental_with_false_edges=20,2.6122448979591835,4.743951188722912,98,2,0.47921143645199343,0.774522643056802,0.993505238568004,7.175376890418584,2.431425701695672,0.5125317704523474,98,20
experimental_with_false_edges=20,2.3469387755102042,5.128550389227856,98,2,0.5180618225542749,0.7936563022460598,0.9542547530491086,7.175376890418584,2.0468265011907283,0.39910429767638383,98,20
experimental_with_false_edges=20,2.2448979591836733,5.510835261939827,98,2,0.5566784262456566,0.8340703700455424,0.9719572574145281,7.175376890418584,1.6645416284787569,0.3020488817683935,98,20
experimental_with_false_edges=20,2.3469387755102042,5.128550389227856,98,2,0.5180618225542749,0.7936563022460598,0.9542547530491086,7.175376890418584,2.0468265011907283,0.39910429767638383,98,20
experimental_with_false_edges=20,2.508771929824561,5.073125291103866,114,2,0.4751417168024131,0.7525818729088908,0.9852262358413905,7.175376890418584,2.1022515993147186,0.4143898442644786,114,20
experimental_with_false_edges=20,2.4210526315789473,5.24002484086322,114,2,0.4907732918288116,0.7636300944806651,0.9782619291834405,7.175376890418584,1.9353520495553642,0.3693402432871945,114,20
experimental_with_false_edges=20,2.5789473684210527,4.9265641981058845,114,2,0.4614150127792317,0.7409910464294946,0.9854601615029287,7.175376890418584,2.2488126923126996,0.4564667386608502,114,20
experimental_with_false_edges=20,2.456140350877193,5.311442322620711,114,2,0.4974621518401076,0.7796265744873783,1.0077312304810968,7.175376890418584,1.8639345677978731,0.3509281386450586,114,20
experimental_with_false_edges=20,2.456140350877193,5.311442322620711,114,2,0.4974621518401076,0.7796265744873783,1.0077312304810968,7.175376890418584,1.8639345677978731,0.3509281386450586,114,20
experimental_with_false_edges=20,2.456140350877193,5.165968017388605,114,2,0.48383723481709806,0.758273497982901,0.9801306294182578,7.175376890418584,2.0094088730299795,0.3889704439257708,114,20
experimental_with_false_edges=20,2.43859649122807,5.222170470423848,114,2,0.4891010768259876,0.7637805440066382,0.9828897944413765,7.175376890418584,1.9532064199947365,0.37402195716452896,114,20
experimental_with_false_edges=20,2.508771929824561,5.073125291103866,114,2,0.4751417168024131,0.7525818729088908,0.9852262358413905,7.175376890418584,2.1022515993147186,0.4143898442644786,114,20
experimental_with_false_edges=20,2.508771929824561,5.083372147182114,114,2,0.4761014228040339,0.7541019611575133,0.9872162264022158,7.175376890418584,2.09200474323647,0.4115387743933206,114,20
experimental_with_false_edges=20,2.43859649122807,5.396367023754076,114,2,0.5054160788535401,0.78925806126123,1.015676164680502,7.175376890418584,1.7790098666645084,0.32966806350152766,114,20
experimental_with_false_edges=20,2.4923076923076923,5.273583780560525,130,2,0.46252389452280895,0.7301885234622266,0.9893888916944302,7.175376890418584,1.9017931098580592,0.3606263195947404,130,20
experimental_with_false_edges=20,2.5846153846153848,5.226833631484794,130,2,0.45842363520774204,0.7369957157298458,1.019670128983794,7.175376890418584,1.9485432589337899,0.3727961125826506,130,20
experimental_with_false_edges=20,2.523076923076923,5.260942158616578,130,2,0.46141515093251023,0.7329208836267253,1.0002789643145984,7.175376890418584,1.9144347318020065,0.3638957954834136,130,20
experimental_with_false_edges=20,2.476923076923077,5.390220632081097,130,2,0.472753623120093,0.7440311624561595,1.0044145160884188,7.175376890418584,1.7851562583374871,0.33118426502112597,130,20
experimental_with_false_edges=20,2.3846153846153846,5.418485390578414,130,2,0.4752326064304778,0.7338636918422232,0.967403297477723,7.175376890418584,1.7568914998401706,0.32424033160540194,130,20
experimental_with_false_edges=20,2.5384615384615383,5.319618366129994,130,2,0.46656139476672676,0.7433512813789384,1.0180789024882917,7.175376890418584,1.8557585242885901,0.34885181540544397,130,20
experimental_with_false_edges=20,2.4923076923076923,5.510196779964222,130,2,0.48327622738273907,0.7629503233796615,1.0337803876830718,7.175376890418584,1.6651801104543624,0.30219975382896846,130,20
experimental_with_false_edges=20,2.5076923076923077,5.212999403697078,130,2,0.4572102931655284,0.7240242675997801,0.9846131464302881,7.175376890418584,1.9623774867215058,0.3764392309981429,130,20
experimental_with_false_edges=20,2.5384615384615383,5.451997614788312,130,2,0.4781718229292885,0.7618496542593468,1.043413900397988,7.175376890418584,1.723379275630272,0.3161005190016369,130,20
experimental_with_false_edges=20,2.5538461538461537,5.315444245676804,130,2,0.46619530018502436,0.7450154114443583,1.0238783785351844,7.175376890418584,1.8599326447417805,0.34991104388960803,130,20
experimental_with_false_edges=20,2.5205479452054793,5.439773264052905,146,2,0.45019883859919074,0.7147461945046205,1.0090968110578071,7.175376890418584,1.7356036263656796,0.31905808240848765,146,20
experimental_with_false_edges=20,2.5205479452054793,5.356636750118092,146,2,0.4433184117501584,0.7038226680863492,0.9936746993222937,7.175376890418584,1.8187401403004921,0.3395302360684428,146,20
experimental_with_false_edges=20,2.5205479452054793,5.5507794048181385,146,2,0.45938577217602383,0.7293315848926533,1.0296888352501121,7.175376890418584,1.6245974856004457,0.29267916577449954,146,20
experimental_with_false_edges=20,2.506849315068493,5.491355692017005,146,2,0.4544678307123404,0.7195604125625592,1.012660698857733,7.175376890418584,1.6840211984015792,0.3066676596545559,146,20
experimental_with_false_edges=20,2.5342465753424657,5.411053377420878,146,2,0.44782196386952505,0.7129019855677703,1.0096541221768225,7.175376890418584,1.7643235129977057,0.3260591588986786,146,20
experimental_with_false_edges=20,2.5205479452054793,5.486065186584789,146,2,0.454029985367402,0.7208286126238852,1.0176841232741727,7.175376890418584,1.6893117038337948,0.3079277490112058,146,20
experimental_with_false_edges=20,2.506849315068493,5.406896551724138,146,2,0.44747794252707346,0.7084932995867665,0.9970855919386467,7.175376890418584,1.768480338694446,0.3270786340697636,146,20
experimental_with_false_edges=20,2.5342465753424657,5.403117619272556,146,2,0.44716519585211745,0.7118564557334996,1.0081733807447593,7.175376890418584,1.7722592711460283,0.32800679089873946,146,20
experimental_with_false_edges=20,2.506849315068493,5.369768540387341,146,2,0.44440520644563053,0.7036282264329785,0.9902388167493839,7.175376890418584,1.8056083500312434,0.33625440956175706,146,20
experimental_with_false_edges=20,2.5205479452054793,5.410297590930562,146,2,0.44775941453453383,0.7108733078654152,1.0036289714424889,7.175376890418584,1.765079299488022,0.3262444014996283,146,20
experimental_with_false_edges=20,2.4875,5.714701257861635,160,2,0.4517868030567996,0.7125495751861797,1.0261092148829523,7.175376890418584,1.4606756325569492,0.2555996484588793,160,20
experimental_with_false_edges=40,2.56,4.146122448979592,50,2,0.586350259860649,0.9381604157770383,0.9962582508404004,7.175376890418584,3.029254441438992,0.7306234870570515,50,40
experimental_with_false_edges=40,2.52,3.663673469387755,50,2,0.5181216708514653,0.8224926539677445,0.865583564221884,7.175376890418584,3.511703421030829,0.9585197617564095,50,40
experimental_with_false_edges=40,2.52,3.663673469387755,50,2,0.5181216708514653,0.8224926539677445,0.865583564221884,7.175376890418584,3.511703421030829,0.9585197617564095,50,40
experimental_with_false_edges=40,2.56,4.045714285714285,50,2,0.5721504012343721,0.9154406419749953,0.9721315005247143,7.175376890418584,3.129662604704299,0.773574796360526,50,40
experimental_with_false_edges=40,2.32,4.08734693877551,50,2,0.5780381474940478,0.8804414755697129,0.8792834437279404,7.175376890418584,3.0880299516430743,0.7555096246780041,50,40
experimental_with_false_edges=40,2.28,4.278367346938776,50,2,0.6050525126855013,0.913609259084018,0.9013559732249372,7.175376890418584,2.8970095434798084,0.6771296872281559,50,40
experimental_with_false_edges=40,2.52,3.663673469387755,50,2,0.5181216708514653,0.8224926539677445,0.865583564221884,7.175376890418584,3.511703421030829,0.9585197617564095,50,40
experimental_with_false_edges=40,2.36,3.9093877551020406,50,2,0.5528709183840613,0.8493364207731889,0.8580832000690097,7.175376890418584,3.2659891353165436,0.8354221530095565,50,40
experimental_with_false_edges=40,2.28,4.244897959183674,50,2,0.6003192264767424,0.906462153641842,0.894304724436114,7.175376890418584,2.9304789312349104,0.6903532097620702,50,40
experimental_with_false_edges=40,2.32,3.8391836734693876,50,2,0.5429425619461767,0.8269854722597083,0.8258977503200527,7.175376890418584,3.3361932169491966,0.8689850501302926,50,40
experimental_with_false_edges=40,2.393939393939394,4.190675990675991,66,2,0.5158365559035999,0.7981209151218412,0.8731530744273933,7.175376890418584,2.9847008997425934,0.7122242106961689,66,40
experimental_with_false_edges=40,2.303030303030303,4.333799533799533,66,2,0.5334538462209216,0.8095555918852808,0.8629272610621765,7.175376890418584,2.8415773566190508,0.6556780798136688,66,40
experimental_with_false_edges=40,2.393939393939394,3.9958041958041957,66,2,0.491849496123012,0.7610072714995328,0.8325503394056277,7.175376890418584,3.1795726946143885,0.7957278532199118,66,40
experimental_with_false_edges=40,2.3333333333333335,4.28997668997669,66,2,0.5280596270358134,0.8066244041139216,0.867586542171761,7.175376890418584,2.885400200441894,0.6725911138826193,66,40
experimental_with_false_edges=40,2.272727272727273,4.379020979020979,66,2,0.5390202213374695,0.8126035584503211,0.8580876664656051,7.175376890418584,2.7963559113976055,0.6385801586232156,66,40
experimental_with_false_edges=40,2.4545454545454546,4.407459207459207,66,2,0.542520725276742,0.8499666254720433,0.9446222150567914,7.175376890418584,2.767917682959377,0.6280075555265352,66,40
experimental_with_false_edges=40,2.3636363636363638,4.4787878787878785,66,2,0.5513006777801629,0.8475764041903425,0.9195647940517028,7.175376890418584,2.6965890116307056,0.6020800905535405,66,40
experimental_with_false_edges=40,2.4545454545454546,4.228438228438228,66,2,0.5204847660524698,0.8154429123155735,0.906253806914015,7.175376890418584,2.946938661980356,0.6969331234782651,66,40
experimental_with_false_edges=40,2.4545454545454546,4.146386946386946,66,2,0.5103849514080118,0.7996195437855249,0.8886682865152425,7.175376890418584,3.028989944031638,0.7305130908419005,66,40
experimental_with_false_edges=40,2.515151515151515,4.057808857808858,66,2,0.4994817424168355,0.7921395445180158,0.8933077868459296,7.175376890418584,3.117568032609726,0.7682885374480539,66,40
experimental_with_false_edges=40,2.3658536585365852,4.461607949412827,82,2,0.4927021746013252,0.7578415592682085,0.8718649859113822,7.175376890418584,2.713768941005757,0.6082490823432624,82,40
experimental_with_false_edges=40,2.658536585365854,4.522131887985546,82,2,0.49938592550197086,0.8142497217212901,1.0033839113828134,7.175376890418584,2.653245002433038,0.5867243742895272,82,40
experimental_with_false_edges=40,2.6097560975609757,4.421860885275519,82,2,0.4883128456516475,0.7888566837818598,0.9625528068112004,7.175376890418584,2.753516005143065,0.6227052538699435,82,40
experimental_with_false_edges=40,2.268292682926829,4.657633242999097,82,2,0.5143495469213268,0.7746542493407701,0.8656619934943326,7.175376890418584,2.517743647419487,0.5405628816317634,82,40
experimental_with_false_edges=40,2.4634146341463414,4.474555856669678,82,2,0.4941320317591748,0.7755535072332795,0.9154267996846278,7.175376890418584,2.7008210337489063,0.6035953333162932,82,40
experimental_with_false_edges=40,2.6341463414634148,4.471243601324902,82,2,0.4937662543467017,0.8013852687022145,0.9827410609878725,7.175376890418584,2.704133289093682,0.6047832617065202,82,40
experimental_with_false_edges=40,2.6341463414634148,4.471243601324902,82,2,0.4937662543467017,0.8013852687022145,0.9827410609878725,7.175376890418584,2.704133289093682,0.6047832617065202,82,40
experimental_with_false_edges=40,2.5853658536585367,4.309244203553146,82,2,0.47587641362756056,0.7651651546734636,0.928856310631602,7.175376890418584,2.8661326868654378,0.6651126163846076,82,40
experimental_with_false_edges=40,2.6097560975609757,4.619993977717555,82,2,0.5101929854159502,0.8242034796911866,1.0056825137830607,7.175376890418584,2.5553829127010292,0.5531139055647604,82,40
experimental_with_false_edges=40,2.4878048780487805,4.197530864197531,82,2,0.4635397390796027,0.7311308839821045,0.8681362593718828,7.175376890418584,2.9778460262210533,0.7094280238938392,82,40
experimental_with_false_edges=40,2.4693877551020407,4.77319587628866,98,2,0.48216559600791087,0.7576887937267172,0.9410812786919615,7.175376890418584,2.4021810141299245,0.5032647049041095,98,40
experimental_with_false_edges=40,2.6530612244897958,4.771302335367136,98,2,0.4819743194899018,0.7850503923018094,1.0153675539448126,7.175376890418584,2.404074555051448,0.503861291126181,98,40
experimental_with_false_edges=40,2.4489795918367347,4.694929518199032,98,2,0.4742594999302037,0.7421789320654067,0.9171524822712824,7.175376890418584,2.480447372219552,0.5283247304575187,98,40
experimental_with_false_edges=40,2.5918367346938775,4.499053229539238,98,2,0.4544730067894903,0.7316643825418302,0.9345211050581324,7.175376890418584,2.676323660879346,0.5948637467339848,98,40
experimental_with_false_edges=40,2.6530612244897958,4.58889122659373,98,2,0.46354801492169717,0.7550372213817252,0.9765491542062926,7.175376890418584,2.5864856638248543,0.5636406565567619,98,40
experimental_with_false_edges=40,2.5714285714285716,4.759730696402272,98,2,0.4808054074354021,0.7710039018563687,0.9804612425466384,7.175376890418584,2.415646194016312,0.5075174097228278,98,40
experimental_with_false_edges=40,2.7755102040816326,4.479486640016831,98,2,0.4524964827700635,0.7538529210339815,0.9973494726425166,7.175376890418584,2.695890250401753,0.6018301798957086,98,40
experimental_with_false_edges=40,2.6530612244897958,4.585104144750684,98,2,0.46316546188567914,0.7544141105667754,0.975743235872621,7.175376890418584,2.5902727456679004,0.564932150697909,98,40
experimental_with_false_edges=40,2.4489795918367347,4.559436145592257,98,2,0.4605726024193343,0.7207600106112224,0.8906839096258552,7.175376890418584,2.615940744826327,0.5737421604983404,98,40
experimental_with_false_edges=40,2.4693877551020407,4.570586997685672,98,2,0.46169900858094315,0.7255270134843392,0.9011349979417363,7.175376890418584,2.604789892732912,0.5699027048499139,98,40
experimental_with_false_edges=40,2.6491228070175437,4.734513274336283,114,2,0.4434277957488551,0.721728671820042,0.9738819313280241,7.175376890418584,2.440863616082301,0.5155468946117757,114,40
experimental_with_false_edges=40,2.736842105263158,4.661387983232418,114,2,0.43657898473728896,0.7222502451418061,0.9909017886193857,7.175376890418584,2.5139889071861665,0.5393219608042266,114,40
experimental_with_false_edges=40,2.6140350877192984,4.6651141127154165,114,2,0.43692796873787826,0.7064241734298645,0.946473221502994,7.175376890418584,2.5102627777031676,0.5380924704201978,114,40
experimental_with_false_edges=40,2.6842105263157894,4.7057910262381615,114,2,0.4407377107443121,0.7220852921365636,0.9810474169035508,7.175376890418584,2.4695858641804227,0.5247971808375488,114,40
experimental_with_false_edges=40,2.5964912280701755,4.645241422139419,114,2,0.435066720734735,0.701050485213736,0.9358366792330505,7.175376890418584,2.5301354682791652,0.5446725451599634,114,40
experimental_with_false_edges=40,2.6491228070175437,4.734513274336283,114,2,0.4434277957488551,0.721728671820042,0.9738819313280241,7.175376890418584,2.440863616082301,0.5155468946117757,114,40
experimental_with_false_edges=40,2.6315789473684212,4.734823785126533,114,2,0.44345687774890424,0.7193820491863807,0.9673031887431638,7.175376890418584,2.440553105292051,0.5154475047114832,114,40
experimental_with_false_edges=40,2.6315789473684212,4.734823785126533,114,2,0.44345687774890424,0.7193820491863807,0.9673031887431638,7.175376890418584,2.440553105292051,0.5154475047114832,114,40
experimental_with_false_edges=40,2.6491228070175437,4.734513274336283,114,2,0.4434277957488551,0.721728671820042,0.9738819313280241,7.175376890418584,2.440863616082301,0.5155468946117757,114,40
experimental_with_false_edges=40,2.6666666666666665,4.611551001397299,114,2,0.43191132372940627,0.7053082381780569,0.955015752234637,7.175376890418584,2.5638258890212855,0.5559573965992021,114,40
experimental_with_false_edges=40,2.6923076923076925,4.7792486583184255,130,2,0.4191678362040535,0.6877811940625611,0.9724351672503344,7.175376890418584,2.3961282321001587,0.5013608630573397,130,40
experimental_with_false_edges=40,2.6769230769230767,4.782826475849732,130,2,0.4194816315597985,0.6863266997753752,0.9675322010527087,7.175376890418584,2.392550414568852,0.5002377624715695,130,40
experimental_with_false_edges=40,2.8,4.8063208109719735,130,2,0.42154222106252337,0.7053750517188078,1.0166710236052787,7.175376890418584,2.3690560794466107,0.4929042759772669,130,40
experimental_with_false_edges=40,2.723076923076923,4.771258199165176,130,2,0.4184670265762233,0.6905437485465135,0.9819483379767069,7.175376890418584,2.404118691253408,0.5038752024935592,130,40
experimental_with_false_edges=40,2.707692307692308,4.781156827668456,130,2,0.41933519372711753,0.690018871836416,0.9784203289999462,7.175376890418584,2.3942200627501284,0.5007616669034629,130,40
experimental_with_false_edges=40,2.6615384615384614,4.770423375074538,130,2,0.41839380765988277,0.682576954735591,0.9593744265346773,7.175376890418584,2.4049535153440464,0.5041383806539957,130,40
experimental_with_false_edges=40,2.6153846153846154,4.839713774597495,130,2,0.42447097771614256,0.6864608662380673,0.9559161657899707,7.175376890418584,2.335663115821089,0.4826035638885151,130,40
experimental_with_false_edges=40,2.6,4.739415623136553,130,2,0.4156742479100935,0.6702545851962647,0.9303613393480881,7.175376890418584,2.435961267282031,0.5139792457513798,130,40
experimental_with_false_edges=40,2.5846153846153848,4.7788908765652955,130,2,0.4191364566684791,0.6738347439936718,0.9322837916925552,7.175376890418584,2.3964860138532886,0.5014732656075422,130,40
experimental_with_false_edges=40,2.5846153846153848,4.812760882528324,130,2,0.4221070527028642,0.678610493720262,0.9388912783247999,7.175376890418584,2.36261600789026,0.49090658471465326,130,40
experimental_with_false_edges=40,2.712328767123288,4.9072272083136514,146,2,0.4061250134310137,0.6688533456575169,0.9825150586231929,7.175376890418584,2.2681496821049327,0.46220596394279717,146,40
experimental_with_false_edges=40,2.684931506849315,4.8728389230042515,146,2,0.4032790186889139,0.6608033458247237,0.9657031853627907,7.175376890418584,2.3025379674143327,0.47252494978733034,146,40
experimental_with_false_edges=40,2.712328767123288,4.879735474728389,146,2,0.40384978137070865,0.6651062320216788,0.9770107195965801,7.175376890418584,2.295641415690195,0.4704438237644373,146,40
experimental_with_false_edges=40,2.7260273972602738,4.906565895134625,146,2,0.4060702827628964,0.670449877935015,0.9873425674719457,7.175376890418584,2.2688109952839595,0.46240304191852877,146,40
experimental_with_false_edges=40,2.7260273972602738,4.842796410014171,146,2,0.40079268262301354,0.6617361982599121,0.9745103079016367,7.175376890418584,2.3325804804044132,0.48165982686800324,146,40
experimental_with_false_edges=40,2.780821917808219,4.7828058573453,146,2,0.39582782915808673,0.6600744362155869,0.9815377703987732,7.175376890418584,2.392571033073284,0.5002442299427312,146,40
experimental_with_false_edges=40,2.7945205479452055,4.901747756258857,146,2,0.4056715307523274,0.6781537763142679,1.0107805833691075,7.175376890418584,2.2736291341597274,0.46384050082067485,146,40
experimental_with_false_edges=40,2.7945205479452055,4.901747756258857,146,2,0.4056715307523274,0.6781537763142679,1.0107805833691075,7.175376890418584,2.2736291341597274,0.46384050082067485,146,40
experimental_with_false_edges=40,2.6986301369863015,4.896268304204062,146,2,0.4052180480736412,0.6656722659978759,0.9753463221457814,7.175376890418584,2.279108586214522,0.46547869614449455,146,40
experimental_with_false_edges=40,2.7534246575342465,4.794426074633916,146,2,0.39678952518357646,0.6584105745998393,0.9743972758561651,7.175376890418584,2.3809508157846686,0.49660809838776565,146,40
experimental_with_false_edges=40,2.7375,4.97688679245283,160,2,0.3934574480240161,0.6509907755281572,0.9875424203946779,7.175376890418584,2.1984900979657542,0.44174002537080836,160,40
experimental_with_false_edges=60,2.36,4.0318367346938775,50,2,0.5701878191478136,0.8759391485067405,0.8849598924913007,7.175376890418584,3.1435401557247067,0.7796794271639533,50,60
experimental_with_false_edges=60,2.48,3.4661224489795917,50,2,0.49018373761927847,0.7719421219453477,0.8047333516543211,7.175376890418584,3.7092544414389925,1.0701452404057386,50,60
experimental_with_false_edges=60,2.4,3.923265306122449,50,2,0.55483350047062,0.8595443628962705,0.8779846435180859,7.175376890418584,3.2521115842961352,0.8289298149735259,50,60
experimental_with_false_edges=60,2.28,4.099591836734694,50,2,0.5797698375704231,0.875433256844102,0.8636919857919547,7.175376890418584,3.07578505368389,0.7502661670176752,50,60
experimental_with_false_edges=60,2.44,3.8881632653061224,50,2,0.5498693222516776,0.8589233391814353,0.8865576721657447,7.175376890418584,3.2872136251124617,0.8454412535718593,50,60
experimental_with_false_edges=60,2.52,4.005714285714285,50,2,0.5664935469848797,0.8992806267869256,0.9463945074948271,7.175376890418584,3.169662604704299,0.7912852436850961,50,60
experimental_with_false_edges=60,2.48,3.5020408163265304,50,2,0.49526336184331243,0.7799415221727606,0.8130725573709462,7.175376890418584,3.6733360740920538,1.0489129815297824,50,60
experimental_with_false_edges=60,2.28,4.241632653061225,50,2,0.5998574424563756,0.9057648750621176,0.8936167977250092,7.175376890418584,2.9337442373573595,0.6916544824408709,50,60
experimental_with_false_edges=60,2.48,3.876734693877551,50,2,0.5482530781803941,0.8633898109087274,0.900065635187558,7.175376890418584,3.2986421965410333,0.8508815941804098,50,60
experimental_with_false_edges=60,2.24,3.709387755102041,50,2,0.5245866471365995,0.785129401304653,0.764701970689145,7.175376890418584,3.4659891353165433,0.9343830745516649,50,60
experimental_with_false_edges=60,2.515151515151515,3.7883449883449885,66,2,0.46631303295946747,0.7395365278898663,0.8339865666256919,7.175376890418584,3.3870319020735957,0.8940663832079575,66,60
experimental_with_false_edges=60,2.484848484848485,3.9627039627039626,66,2,0.4877751390789409,0.7688995693745738,0.8609061310063288,7.175376890418584,3.2126729277146215,0.8107274623468075,66,60
experimental_with_false_edges=60,2.484848484848485,4.185547785547786,66,2,0.5152053174883213,0.8121388628052851,0.9093194404911554,7.175376890418584,2.9898291048707986,0.7143220572452509,66,60
experimental_with_false_edges=60,2.484848484848485,3.9627039627039626,66,2,0.4877751390789409,0.7688995693745738,0.8609061310063288,7.175376890418584,3.2126729277146215,0.8107274623468075,66,60
experimental_with_false_edges=60,2.515151515151515,4.22937062937063,66,2,0.5205995366734296,0.8256307384957996,0.9310763145986067,7.175376890418584,2.9460062610479545,0.6965590200559812,66,60
experimental_with_false_edges=60,2.606060606060606,4.152447552447552,66,2,0.5111309604442501,0.8251339257746402,0.9493334194000079,7.175376890418584,3.022929337971032,0.7279873616198344,66,60
experimental_with_false_edges=60,2.787878787878788,4.002797202797203,66,2,0.4927102757802102,0.8226754995424674,0.9795537422422439,7.175376890418584,3.172579687621381,0.7925906627006594,66,60
experimental_with_false_edges=60,2.5757575757575757,4.1342657342657345,66,2,0.5088929333355351,0.8167307611688507,0.9336352751913571,7.175376890418584,3.0411111561528497,0.7355867647663353,66,60
experimental_with_false_edges=60,2.696969696969697,3.910955710955711,66,2,0.4814053696156747,0.7905857161401131,0.92613164272661,7.175376890418584,3.264421179462873,0.8346863070625655,66,60
experimental_with_false_edges=60,2.515151515151515,3.7883449883449885,66,2,0.46631303295946747,0.7395365278898663,0.8339865666256919,7.175376890418584,3.3870319020735957,0.8940663832079575,66,60
experimental_with_false_edges=60,2.5853658536585367,4.319180969587474,82,2,0.47697374586498004,0.7669295631777068,0.9309981776046188,7.175376890418584,2.8561959208311105,0.6612818358254404,82,60
experimental_with_false_edges=60,2.5609756097560976,4.169828364950316,82,2,0.4604805098116455,0.7369091927249041,0.8898360704155416,7.175376890418584,3.005548525468268,0.7207847092056701,82,60
experimental_with_false_edges=60,2.7560975609756095,4.333032219211081,82,2,0.4785033604989586,0.7943872874199885,0.9968632153095938,7.175376890418584,2.8423446712075036,0.6559712754051508,82,60
experimental_with_false_edges=60,2.6341463414634148,4.233062330623306,82,2,0.46746353314067823,0.7586958116651445,0.9303908569848145,7.175376890418584,2.9423145597952782,0.695079431859448,82,60
experimental_with_false_edges=60,2.5609756097560976,4.494730502860584,82,2,0.49635994872605665,0.7943272327992954,0.9591697734757935,7.175376890418584,2.680646387558,0.5963975784203202,82,60
experimental_with_false_edges=60,2.7804878048780486,4.125263474856971,82,2,0.45555914098927963,0.7596355179765811,0.9573115563081618,7.175376890418584,3.050113415561613,0.7393742082540231,82,60
experimental_with_false_edges=60,2.7560975609756095,4.215296597410418,82,2,0.4655016361101405,0.7728024764831425,0.9697767999387773,7.175376890418584,2.9600802930081658,0.7022234911836644,82,60
experimental_with_false_edges=60,2.682926829268293,4.154170430593195,82,2,0.45875138022540884,0.7514183527439705,0.9303486434548883,7.175376890418584,3.0212064598253896,0.7272707055001536,82,60
experimental_with_false_edges=60,2.5365853658536586,4.422161999397772,82,2,0.4883460981436905,0.7777722847432693,0.9340807612562109,7.175376890418584,2.7532148910208125,0.6225947605256787,82,60
experimental_with_false_edges=60,2.6097560975609757,4.357121348991268,82,2,0.4811635598623997,0.7773071987962896,0.9484602733781458,7.175376890418584,2.818255541427316,0.6468159400884669,82,60
experimental_with_false_edges=60,2.816326530612245,4.409215232484747,98,2,0.4453979986572834,0.7474631115693808,0.9957428670165432,7.175376890418584,2.7661616579338375,0.6273591811881247,98,60
experimental_with_false_edges=60,2.857142857142857,4.290974121607406,98,2,0.43345384275494087,0.7326707188655274,0.9825063295369122,7.175376890418584,2.884402768811178,0.6722023221456007,98,60
experimental_with_false_edges=60,2.6530612244897958,4.376604249947402,98,2,0.4421037919582388,0.7201083984770368,0.9313729542799185,7.175376890418584,2.7987726404711823,0.6394849706835655,98,60
experimental_with_false_edges=60,2.5918367346938775,4.282137597306964,98,2,0.432561219004232,0.6963881957479364,0.88946446180547,7.175376890418584,2.8932392931116198,0.675653041819856,98,60
experimental_with_false_edges=60,2.9591836734693877,4.289080580685883,98,2,0.4332625662369318,0.7453103098274679,1.014899496531231,7.175376890418584,2.8862963097327015,0.6729405651015172,98,60
experimental_with_false_edges=60,2.857142857142857,4.290974121607406,98,2,0.43345384275494087,0.7326707188655274,0.9825063295369122,7.175376890418584,2.884402768811178,0.6722023221456007,98,60
experimental_with_false_edges=60,2.836734693877551,4.29244687565748,98,2,0.433602613380059,0.7302999168621229,0.976132406359508,7.175376890418584,2.8829300147611043,0.6716285834800279,98,60
experimental_with_false_edges=60,2.795918367346939,4.271197138649274,98,2,0.4314560657890686,0.7214376821029646,0.9577988833308246,7.175376890418584,2.90417975176931,0.679945143596844,98,60
experimental_with_false_edges=60,2.816326530612245,4.218809173153797,98,2,0.4261640821241517,0.7151849173636123,0.9527430438238165,7.175376890418584,2.956567717264787,0.7008062218312154,98,60
experimental_with_false_edges=60,2.8979591836734695,4.148116978750263,98,2,0.4190230921184807,0.7133194885633782,0.9626294025160443,7.175376890418584,3.027259911668321,0.7297913552525629,98,60
experimental_with_false_edges=60,2.7017543859649122,4.422449930135072,114,2,0.41420038569949624,0.6808217656484217,0.9280605396001531,7.175376890418584,2.752926960283512,0.6224891188761137,114,60
experimental_with_false_edges=60,3.0350877192982457,4.330849247011334,114,2,0.4056211956850078,0.706653093745263,1.0152200198370072,7.175376890418584,2.8445276434072504,0.6568059706465711,114,60
experimental_with_false_edges=60,2.824561403508772,4.392175128085701,114,2,0.4113648906947077,0.6913575864145629,0.9629302270935441,7.175376890418584,2.783201762332883,0.6336727660369778,114,60
experimental_with_false_edges=60,2.824561403508772,4.43983853438907,114,2,0.4158289777022466,0.6988601236725788,0.9733798410814449,7.175376890418584,2.7355383560295143,0.6161346487808548,114,60
experimental_with_false_edges=60,2.7719298245614037,4.367489520260829,114,2,0.4090528716908032,0.6810367714327481,0.9401731702003744,7.175376890418584,2.807887370157755,0.6429064928792472,114,60
experimental_with_false_edges=60,2.8771929824561404,4.471976401179941,114,2,0.41883896470732984,0.7104468182692297,0.9978577771556377,7.175376890418584,2.7034004892386427,0.6045202940975593,114,60
experimental_with_false_edges=60,2.824561403508772,4.440614811364695,114,2,0.4159016827023693,0.6989823148331328,0.9735500302343424,7.175376890418584,2.7347620790538896,0.6158521275150726,114,60
experimental_with_false_edges=60,2.8421052631578947,4.462816332867567,114,2,0.417981045705881,0.7046552104527737,0.9842519983045743,7.175376890418584,2.7125605575510168,0.607813621540654,114,60
experimental_with_false_edges=60,2.8771929824561404,4.388293743207576,114,2,0.4110013656940938,0.6971524551583036,0.9791851850890188,7.175376890418584,2.787083147211008,0.6351177269126518,114,60
experimental_with_false_edges=60,2.8421052631578947,4.450551156652693,114,2,0.41683230670394095,0.7027186036820041,0.9815469745485798,7.175376890418584,2.7248257337658908,0.6122445597985803,114,60
experimental_with_false_edges=60,2.8615384615384616,4.472748956469887,130,2,0.3922860340619061,0.663594290427558,0.9660880111202254,7.175376890418584,2.7026279339486976,0.6042431534278965,130,60
experimental_with_false_edges=60,2.953846153846154,4.448777579010137,130,2,0.3901836051784152,0.6705990798590222,0.9899276706626521,7.175376890418584,2.726599311408447,0.612887307352219,130,60
experimental_with_false_edges=60,2.953846153846154,4.45056648777579,130,2,0.39034050285628763,0.6708687360850063,0.9903257328844556,7.175376890418584,2.7248104026427944,0.6122390060067483,130,60
experimental_with_false_edges=60,2.8923076923076922,4.448181276088253,130,2,0.39013130595245765,0.6634879622839842,0.9705553904913601,7.175376890418584,2.7271956143303315,0.6131035236784769,130,60
experimental_with_false_edges=60,3.0,4.4591532498509245,130,2,0.39109361171007545,0.6773940059974651,1.0064398325690427,7.175376890418584,2.7162236405676596,0.6091344002717257,130,60
experimental_with_false_edges=60,2.9692307692307693,4.449493142516398,130,2,0.39024636424956416,0.6724513066538513,0.9948355629324824,7.175376890418584,2.725883747902186,0.6126279242584853,130,60
experimental_with_false_edges=60,2.9076923076923076,4.492426952892069,130,2,0.3940119085185031,0.6718674043438164,0.9851056497726466,7.175376890418584,2.682949937526515,0.5972161519063375,130,60
experimental_with_false_edges=60,2.8923076923076922,4.46273106738223,130,2,0.39140740706582033,0.6656582001358434,0.9737300314276018,7.175376890418584,2.712645823036354,0.6078443406242605,130,60
experimental_with_false_edges=60,2.9384615384615387,4.464042933810376,130,2,0.3915224653629268,0.6711455145302874,0.9885353944019017,7.175376890418584,2.7113339566082084,0.6073718368774499,130,60
experimental_with_false_edges=60,2.9076923076923076,4.524865831842576,130,2,0.3968569864105903,0.676718818875169,0.992218892405532,7.175376890418584,2.650511058576008,0.5857656684367788,130,60
experimental_with_false_edges=60,3.0273972602739727,4.473405762871988,146,2,0.37022169514606257,0.6441641806168963,0.9943012209077194,7.175376890418584,2.701971127546596,0.6040076109286122,146,60
experimental_with_false_edges=60,3.0136986301369864,4.438072744449693,146,2,0.3672975137352238,0.6376287620824145,0.9824090607243128,7.175376890418584,2.737304145968891,0.61677766534859,146,60
experimental_with_false_edges=60,2.9452054794520546,4.517619272555503,146,2,0.37388083124304805,0.6416393637123988,0.9791775259875073,7.175376890418584,2.657757617863081,0.5883093411631508,146,60
experimental_with_false_edges=60,2.9452054794520546,4.542276806802079,146,2,0.3759215032971361,0.645141483663233,0.9845219567427037,7.175376890418584,2.6331000836165055,0.5796872792238085,146,60
experimental_with_false_edges=60,2.9452054794520546,4.5732640529050546,146,2,0.37848602603177545,0.6495426152489555,0.9912383294925291,7.175376890418584,2.6021128375135296,0.5689837296537908,146,60
experimental_with_false_edges=60,3.0273972602739727,4.473405762871988,146,2,0.37022169514606257,0.6441641806168963,0.9943012209077194,7.175376890418584,2.701971127546596,0.6040076109286122,146,60
experimental_with_false_edges=60,3.0,4.498441190363722,146,2,0.3722936418676462,0.6448315030496149,0.9916598854446292,7.175376890418584,2.6769357000548624,0.5950807372538793,146,60
experimental_with_false_edges=60,2.9452054794520546,4.542276806802079,146,2,0.3759215032971361,0.645141483663233,0.9845219567427037,7.175376890418584,2.6331000836165055,0.5796872792238085,146,60
experimental_with_false_edges=60,2.9863013698630136,4.528200283419934,146,2,0.37475652193292486,0.6476136834608182,0.9940616882571522,7.175376890418584,2.6471766069986504,0.5845979509102818,146,60
experimental_with_false_edges=60,2.9726027397260273,4.498724610297591,146,2,0.37231709786826794,0.6419207546813128,0.9834406123710827,7.175376890418584,2.676652280120993,0.594980247066942,146,60
experimental_with_false_edges=60,2.9875,4.612185534591195,160,2,0.3646252820147372,0.6302324126061954,0.9945957127905093,7.175376890418584,2.5631913558273896,0.555743331790008,160,60
experimental_with_false_edges=80,2.56,3.947755102040816,50,2,0.5582968806233704,0.8932750089973926,0.9485932075338012,7.175376890418584,3.227621788377768,0.8175840965183553,50,80
experimental_with_false_edges=80,2.56,3.947755102040816,50,2,0.5582968806233704,0.8932750089973926,0.9485932075338012,7.175376890418584,3.227621788377768,0.8175840965183553,50,80
experimental_with_false_edges=80,2.52,3.499591836734694,50,2,0.49491702382803743,0.7856564187967292,0.8268174553964387,7.175376890418584,3.67578505368389,1.0503467904741697,50,80
experimental_with_false_edges=80,2.6,3.936326530612245,50,2,0.5566806365520869,0.8976205550739662,0.9614475799723733,7.175376890418584,3.239050359806339,0.822861196757106,50,80
experimental_with_false_edges=80,2.52,3.840816326530612,50,2,0.5431734539563602,0.8622611267643132,0.9074355324563199,7.175376890418584,3.334560563887972,0.8681905825213105,50,80
experimental_with_false_edges=80,2.8,3.4979591836734696,50,2,0.4946861318178541,0.82776822434553,0.9206404693990773,7.175376890418584,3.6774177067451146,1.0513037784743908,50,80
experimental_with_false_edges=80,2.28,3.5420408163265305,50,2,0.5009202160928048,0.7563729393561446,0.7462284998708265,7.175376890418584,3.6333360740920537,1.0257747616415687,50,80
experimental_with_false_edges=80,2.56,3.6644897959183673,50,2,0.518237116856557,0.8291793869704912,0.8805283103017439,7.175376890418584,3.510887094500217,0.9580834686484219,50,80
experimental_with_false_edges=80,2.52,3.8620408163265307,50,2,0.5461750500887439,0.8670260129058376,0.9124500539959298,7.175376890418584,3.3133360740920534,0.8579236294150846,50,80
experimental_with_false_edges=80,2.64,3.8212244897959184,50,2,0.5404027498341598,0.8780505387247187,0.9482470239247951,7.175376890418584,3.3541524006226657,0.8777690003765788,50,80
experimental_with_false_edges=80,2.878787878787879,3.7785547785547786,66,2,0.4651079414393901,0.789148231515796,0.953617465181125,7.175376890418584,3.3968221118638056,0.8989738963538387,66,80
experimental_with_false_edges=80,2.5454545454545454,4.041491841491841,66,2,0.49747325655003977,0.7936927472557426,0.9012683366034555,7.175376890418584,3.133885048926743,0.7754277805915174,66,80
experimental_with_false_edges=80,2.8181818181818183,3.862004662004662,66,2,0.4753799120152878,0.7980412317428186,0.9550648243879821,7.175376890418584,3.313372228413922,0.8579410224466276,66,80
experimental_with_false_edges=80,2.696969696969697,4.0181818181818185,66,2,0.4946039910260461,0.8122610904054874,0.9515232600620637,7.175376890418584,3.1571950722367657,0.7857272804209144,66,80
experimental_with_false_edges=80,2.6363636363636362,3.747785547785548,66,2,0.4613205109477183,0.7490407077668715,0.8671610483320148,7.175376890418584,3.427591342633036,0.9145644271610726,66,80
experimental_with_false_edges=80,2.6666666666666665,3.8475524475524474,66,2,0.47360096739041163,0.7733871411966691,0.900740568238571,7.175376890418584,3.3278244428661368,0.8649198388401628,66,80
experimental_with_false_edges=80,2.5757575757575757,3.9384615384615387,66,2,0.48479110293398736,0.7780493313435329,0.8894170957168003,7.175376890418584,3.2369153519570455,0.8218730385828436,66,80
experimental_with_false_edges=80,2.757575757575758,3.9160839160839163,66,2,0.48203660803095333,0.8004675816285169,0.9481180626685481,7.175376890418584,3.259292974334668,0.8322837416604598,66,80
experimental_with_false_edges=80,2.606060606060606,4.061072261072261,66,2,0.49988343959019454,0.8069767180221051,0.9284431813622397,7.175376890418584,3.1143046293463232,0.7668675731773463,66,80
experimental_with_false_edges=80,2.909090909090909,3.8662004662004663,66,2,0.4758963798096067,0.8116915926915984,0.9854000378900442,7.175376890418584,3.309176424218118,0.8559246870792069,66,80
experimental_with_false_edges=80,2.8292682926829267,3.943390545016561,82,2,0.43547463579529966,0.7324870160647596,0.9306691459772489,7.175376890418584,3.231986345402023,0.8195958042975044,82,80
experimental_with_false_edges=80,2.8292682926829267,4.022583559168925,82,2,0.44422004120261216,0.7471971630733907,0.9493592792539761,7.175376890418584,3.1527933312496588,0.7837732355026661,82,80
experimental_with_false_edges=80,2.951219512195122,3.9840409515206265,82,2,0.43996372222110647,0.7558186855316229,0.9784155732354657,7.175376890418584,3.1913359388979576,0.8010299034902968,82,80
experimental_with_false_edges=80,2.707317073170732,4.241493526046372,82,2,0.4683946029178827,0.7706930512449724,0.9586156374213525,7.175376890418584,2.933883364372212,0.6917099711117504,82,80
experimental_with_false_edges=80,2.951219512195122,4.079193014152364,82,2,0.4504715097066986,0.7738701332398833,1.0017833701625616,7.175376890418584,3.0961838762662204,0.7590187239300301,82,80
experimental_with_false_edges=80,2.8292682926829267,4.007527853056309,82,2,0.4425574166004615,0.7444005571782137,0.9458060219770318,7.175376890418584,3.1678490373622754,0.7904746151536641,82,80
experimental_with_false_edges=80,2.8292682926829267,4.155374887082204,82,2,0.4588843901935809,0.7718632270688518,0.9806990084366246,7.175376890418584,3.02000200333638,0.7267700473246462,82,80
experimental_with_false_edges=80,2.8780487804878048,4.080999698885877,82,2,0.45067102465895664,0.7645549630280567,0.9789768278500633,7.175376890418584,3.0943771915327067,0.7582399950623566,82,80
experimental_with_false_edges=80,2.7804878048780486,4.219211080999699,82,2,0.4659339185066997,0.7769352465611573,0.9791131041598513,7.175376890418584,2.956165809418885,0.7006442087553609,82,80
experimental_with_false_edges=80,2.8292682926829267,3.8632941884974406,82,2,0.4266294729118582,0.717609072702418,0.9117658172639054,7.175376890418584,3.3120827019211436,0.8573208615027371,82,80
experimental_with_false_edges=80,2.938775510204082,4.051756785188302,98,2,0.4092892426464648,0.7016387016796539,0.9526273585127547,7.175376890418584,3.123620105230282,0.7709298141115137,98,80
experimental_with_false_edges=80,2.979591836734694,4.010309278350515,98,2,0.40510241219671134,0.6992672957981317,0.9549469748408395,7.175376890418584,3.1650676120680687,0.7892327978678731,98,80
experimental_with_false_edges=80,2.836734693877551,4.236061434883232,98,2,0.4279068237326786,0.7207067212088022,0.9633099632213673,7.175376890418584,2.9393154555353522,0.6938793265202905,98,80
experimental_with_false_edges=80,3.0,4.046496949295182,98,2,0.40875791898532865,0.7079894836787123,0.9695883984421854,7.175376890418584,3.128879941123402,0.7732317558446175,98,80
experimental_with_false_edges=80,2.938775510204082,4.16726278140122,98,2,0.4209571102450166,0.7216407604200283,0.9797845098173296,7.175376890418584,3.008114109017364,0.721844113705232,98,80
experimental_with_false_edges=80,2.9183673469387754,4.257311171891437,98,2,0.4300533713236689,0.7346700496768912,0.9944855390661995,7.175376890418584,2.9180657185271475,0.685424579202349,98,80
experimental_with_false_edges=80,2.795918367346939,4.2419524510835265,98,2,0.42850190623315115,0.7164980319471933,0.9512408790560114,7.175376890418584,2.9334244393350577,0.6915269497152826,98,80
experimental_with_false_edges=80,2.816326530612245,4.192299600252472,98,2,0.42348621087202504,0.710690936733859,0.9467563281085861,7.175376890418584,2.9830772901661122,0.7115610940559838,98,80
experimental_with_false_edges=80,3.0,4.100357668840732,98,2,0.41419867327536364,0.7174131465405512,0.982494062145258,7.175376890418584,3.0750192215778522,0.7499392662609438,98,80
experimental_with_false_edges=80,2.938775510204082,4.019145802650957,98,2,0.4059950359474202,0.6959914901955774,0.9449600389276744,7.175376890418584,3.156231087767627,0.7852989771323631,98,80
experimental_with_false_edges=80,3.0,4.234435646638721,114,2,0.39659123466975815,0.6869161682844928,0.9822229975495549,7.175376890418584,2.9409412437798634,0.694529682158323,114,80
experimental_with_false_edges=80,3.1578947368421053,4.148424157739481,114,2,0.38853552065615377,0.6904457388906519,1.0071993713617864,7.175376890418584,3.026952732679103,0.7296632691312164,114,80
experimental_with_false_edges=80,3.1578947368421053,4.009781089892874,114,2,0.37555040763422465,0.6673705875123079,0.9735381049461399,7.175376890418584,3.1655958005257103,0.7894684845776164,114,80
experimental_with_false_edges=80,3.1403508771929824,4.225275578326347,114,2,0.39573331566830927,0.701280400738788,1.0208881299118748,7.175376890418584,2.9501013120922375,0.6982032905083999,114,80
experimental_with_false_edges=80,3.1228070175438596,4.062878435025617,114,2,0.380523429642623,0.6724406754012514,0.9768448016008593,7.175376890418584,3.1124984553929673,0.7660821029151326,114,80
experimental_with_false_edges=80,3.0350877192982457,4.066449309113492,114,2,0.3808578726431878,0.663511662712885,0.9532404645840075,7.175376890418584,3.1089275813050925,0.7645312519542647,114,80
experimental_with_false_edges=80,3.087719298245614,4.08228535941624,114,2,0.3823410546456926,0.6718461609088555,0.9717713829221344,7.175376890418584,3.0930915310023446,0.75768626116932,114,80
experimental_with_false_edges=80,3.1403508771929824,4.168452103710604,114,2,0.3904113096593215,0.6918492551694182,1.0071587506891027,7.175376890418584,3.0069247867079802,0.7213528455877724,114,80
experimental_with_false_edges=80,3.0350877192982457,4.1010712622263625,114,2,0.384100515648664,0.6691608342456039,0.9613564016488454,7.175376890418584,3.0743056281922216,0.7496347738476661,114,80
experimental_with_false_edges=80,3.192982456140351,4.005589194224499,114,2,0.37515780063356163,0.6703664135338362,0.9818656318908048,7.175376890418584,3.169787696194085,0.7913411841545,114,80
experimental_with_false_edges=80,3.2615384615384615,4.088252832438879,130,2,0.3585634931645196,0.6475559859328186,0.9929315301160486,7.175376890418584,3.087124057979705,0.7551206308681395,130,80
experimental_with_false_edges=80,3.246153846153846,4.101132975551581,130,2,0.3596931564452013,0.6480622500184215,0.9920760983887691,7.175376890418584,3.0742439148670035,0.7496084455670531,130,80
experimental_with_false_edges=80,3.169230769230769,4.224448419797257,130,2,0.3705086363732092,0.6595918297668851,1.0010929364311165,7.175376890418584,2.950928470621327,0.6985358033470676,130,80
experimental_with_false_edges=80,3.1846153846153844,4.188670244484198,130,2,0.3673706828157601,0.6555910105059192,0.9967816015627241,7.175376890418584,2.986706645934386,0.7130441098502313,130,80
experimental_with_false_edges=80,3.246153846153846,4.101132975551581,130,2,0.3596931564452013,0.6480622500184215,0.9920760983887691,7.175376890418584,3.0742439148670035,0.7496084455670531,130,80
experimental_with_false_edges=80,3.230769230769231,4.119260584376863,130,2,0.36128305291430873,0.6493824676964259,0.9924409156367424,7.175376890418584,3.056116306041721,0.741908952697158,130,80
experimental_with_false_edges=80,3.230769230769231,4.1369111508646395,130,2,0.36283111000265034,0.6521649982470651,0.9966934129011964,7.175376890418584,3.0384657395539447,0.7344769149607883,130,80
experimental_with_false_edges=80,3.1384615384615384,4.131902206320811,130,2,0.3623917965046075,0.6420025651933262,0.9708799832083633,7.175376890418584,3.043474684097773,0.7365795539502344,130,80
experimental_with_false_edges=80,3.2,4.102683363148479,130,2,0.35982913443269066,0.6436819239011252,0.9803812432751869,7.175376890418584,3.072693527270105,0.7489472755489617,130,80
experimental_with_false_edges=80,3.1846153846153844,4.2046511627906975,130,2,0.36877230207142064,0.6580922688456432,1.0005845949745287,7.175376890418584,2.9707257276278867,0.7065332206194642,130,80
experimental_with_false_edges=80,3.26027397260274,4.191025035427492,146,2,0.346851699859974,0.626283364064513,0.9938586326373848,7.175376890418584,2.9843518549910923,0.7120816100509606,146,80
experimental_with_false_edges=80,3.26027397260274,4.278412848370335,146,2,0.3540839667183319,0.6393421105538434,1.0145817568245175,7.175376890418584,2.896964042048249,0.6771118507536538,146,80
experimental_with_false_edges=80,3.219178082191781,4.214454416627302,146,2,0.3487907292447013,0.6258027021754493,0.9886872933486345,7.175376890418584,2.960922473791282,0.7025636490715248,146,80
experimental_with_false_edges=80,3.2054794520547945,4.218516769012754,146,2,0.34912693192027905,0.6250717198800066,0.986030575693347,7.175376890418584,2.95686012140583,0.7009241122675007,146,80
experimental_with_false_edges=80,3.2465753424657535,4.2182333490788855,146,2,0.34910347591965735,0.6290235653959135,0.9967469187766526,7.175376890418584,2.9571435413396987,0.7010383960824347,146,80
experimental_with_false_edges=80,3.164383561643836,4.245441662730279,146,2,0.3513552519793407,0.6250158192473699,0.9813317947731733,7.175376890418584,2.929935227688305,0.6901367302746163,146,80
experimental_with_false_edges=80,3.232876712328767,4.235899858290033,146,2,0.3505655666250767,0.6303239773056264,0.9973274793035695,7.175376890418584,2.9394770321285515,0.6939439388246476,146,80
experimental_with_false_edges=80,3.2465753424657535,4.225602267359471,146,2,0.34971333193582155,0.6301224195527081,0.9984881563951201,7.175376890418584,2.9497746230591133,0.6980719993087264,146,80
experimental_with_false_edges=80,3.232876712328767,4.20869154463864,146,2,0.3483137905653934,0.626275238418903,0.9909213791175753,7.175376890418584,2.9666853457799442,0.7048949333336485,146,80
experimental_with_false_edges=80,3.232876712328767,4.196882380727445,146,2,0.34733645720615586,0.6245179732770959,0.9881409536896264,7.175376890418584,2.9784945096911395,0.709692157056562,146,80
experimental_with_false_edges=80,3.2375,4.313207547169811,160,2,0.3409889967521186,0.6135433505431609,0.99842144642675,7.175376890418584,2.862169343248773,0.6635825686447288,160,80
experimental_with_false_edges=100,2.56,3.2546938775510204,50,2,0.46028322230053303,0.7364531556808529,0.7820597846230904,7.175376890418584,3.920683012867564,1.204624201345063,50,100
experimental_with_false_edges=100,2.64,3.202448979591837,50,2,0.4528946779746655,0.7358667514242836,0.7946962347483383,7.175376890418584,3.9729279108267472,1.240590540597187,50,100
experimental_with_false_edges=100,2.68,3.7420408163265306,50,2,0.5292044873402667,0.8663450834675983,0.9429818478586985,7.175376890418584,3.4333360740920535,0.9175036410913537,50,100
experimental_with_false_edges=100,2.64,3.3812244897959185,50,2,0.47817735308974363,0.7769462361456494,0.8390598532571035,7.175376890418584,3.7941524006226657,1.122123778552092,50,100
experimental_with_false_edges=100,2.68,3.3991836734693877,50,2,0.4807171652017606,0.7869679161341796,0.8565829874527968,7.175376890418584,3.7761932169491965,1.1109117893282339,50,100
experimental_with_false_edges=100,2.96,3.3387755102040817,50,2,0.4721741608249762,0.8123591428218685,0.9261712796752539,7.175376890418584,3.8366013802145025,1.1491043253698694,50,100
experimental_with_false_edges=100,2.64,3.202448979591837,50,2,0.4528946779746655,0.7358667514242836,0.7946962347483383,7.175376890418584,3.9729279108267472,1.240590540597187,50,100
experimental_with_false_edges=100,2.96,3.3387755102040817,50,2,0.4721741608249762,0.8123591428218685,0.9261712796752539,7.175376890418584,3.8366013802145025,1.1491043253698694,50,100
experimental_with_false_edges=100,2.72,3.562448979591837,50,2,0.5038063662200969,0.8308987451136292,0.9112165281246415,7.175376890418584,3.6129279108267474,1.0141697274891763,50,100
experimental_with_false_edges=100,2.76,3.6579591836734693,50,2,0.5173135488158236,0.8594258138408708,0.9492971752234187,7.175376890418584,3.517417706745115,0.9615792659591087,50,100
experimental_with_false_edges=100,2.9393939393939394,3.941724941724942,66,2,0.4851928001073465,0.8318465980334231,1.0143989332953518,7.175376890418584,3.2336519486936424,0.8203646871611902,66,100
experimental_with_false_edges=100,2.727272727272727,3.5538461538461537,66,2,0.4374482217880901,0.7224219619614703,0.8510441934427082,7.175376890418584,3.6215307365724305,1.0190454453558788,66,100
experimental_with_false_edges=100,2.696969696969697,4.0643356643356645,66,2,0.5002851367635537,0.821590925415366,0.9624526953499327,7.175376890418584,3.1110412260829197,0.7654488907946619,66,100
experimental_with_false_edges=100,2.6666666666666665,3.6470862470862473,66,2,0.4489252838840653,0.7330919187666961,0.8538099436968789,7.175376890418584,3.528290643332337,0.9674272568001869,66,100
experimental_with_false_edges=100,2.8181818181818183,3.885314685314685,66,2,0.47824917753928153,0.8028579943680166,0.9608293392623664,7.175376890418584,3.290062205103899,0.8467942680522994,66,100
experimental_with_false_edges=100,2.6666666666666665,3.5477855477855478,66,2,0.4367022127518518,0.7131317271909187,0.8305629134006453,7.175376890418584,3.6275913426330364,1.0224945374438716,66,100
experimental_with_false_edges=100,2.6666666666666665,3.9193473193473194,66,2,0.48243830520431247,0.7878184534157757,0.9175482802837351,7.175376890418584,3.256029571071265,0.830758109902208,66,100
experimental_with_false_edges=100,3.0,3.7095571095571094,66,2,0.4566149154883685,0.7908802331196233,0.972720970345267,7.175376890418584,3.465819780861475,0.9342947630951193,66,100
experimental_with_false_edges=100,2.787878787878788,3.87039627039627,66,2,0.4764128476039255,0.7954637779177223,0.9471529429414288,7.175376890418584,3.304980620022314,0.8539127234338549,66,100
experimental_with_false_edges=100,2.727272727272727,3.971095571095571,66,2,0.4888080746675786,0.8072399674652768,0.9509634579227323,7.175376890418584,3.2042813193230133,0.806901083581576,66,100
experimental_with_false_edges=100,2.8536585365853657,3.9641674194519725,82,2,0.4377690577462676,0.7395134278146716,0.9432943485231415,7.175376890418584,3.2112094709666117,0.810058993777449,82,100
experimental_with_false_edges=100,3.024390243902439,3.9617585064739536,82,2,0.43750303780992345,0.7608516506075409,0.9949614498784901,7.175376890418584,3.2136183839446306,0.811159584485834,82,100
experimental_with_false_edges=100,2.8536585365853657,3.9641674194519725,82,2,0.4377690577462676,0.7395134278146716,0.9432943485231415,7.175376890418584,3.2112094709666117,0.810058993777449,82,100
experimental_with_false_edges=100,2.8536585365853657,3.8027702499247216,82,2,0.41994572201121255,0.7094048674418144,0.9048890488035515,7.175376890418584,3.3726066404938626,0.8868815150114908,82,100
experimental_with_false_edges=100,2.8048780487804876,3.8831677205660946,82,2,0.42882413738669706,0.7181848086198601,0.9088266973670677,7.175376890418584,3.2922091698524896,0.8478153422053442,82,100
experimental_with_false_edges=100,2.8780487804878048,3.7353206865401987,82,2,0.4124971637935776,0.6997937221547291,0.8960530915280777,7.175376890418584,3.4400562038783855,0.9209533779185908,82,100
experimental_with_false_edges=100,2.7804878048780486,3.84131285757302,82,2,0.4242020409927182,0.7073481972866602,0.8914177754615488,7.175376890418584,3.334064032845564,0.8679490987755836,82,100
experimental_with_false_edges=100,2.7804878048780486,3.8446251129177957,82,2,0.42456781840519137,0.7079581236149626,0.8921864197768328,7.175376890418584,3.3307517775007884,0.8663398067888564,82,100
experimental_with_false_edges=100,2.8536585365853657,3.8533574224631133,82,2,0.42553214067443873,0.7188418789019636,0.9169265308052139,7.175376890418584,3.322019467955471,0.8621103893943987,82,100
experimental_with_false_edges=100,3.097560975609756,3.8310749774164408,82,2,0.42307145626325576,0.7446010726376454,0.9829241819661785,7.175376890418584,3.3443019130021434,0.8729408671759898,82,100
experimental_with_false_edges=100,3.163265306122449,3.8110666947191247,98,2,0.38497587191287075,0.6847015647090587,0.9572244058123931,7.175376890418584,3.3643101956994594,0.8827738964425047,98,100
experimental_with_false_edges=100,3.122448979591837,3.8123290553334734,98,2,0.3851033895915434,0.6804951223154239,0.9467428216984015,7.175376890418584,3.3630478350851107,0.8821504613774576,98,100
experimental_with_false_edges=100,2.9591836734693877,4.01051967178624,98,2,0.4051236651431568,0.6969049899897574,0.9489852939702897,7.175376890418584,3.164857218632344,0.7891389340131953,98,100
experimental_with_false_edges=100,3.122448979591837,3.98379970544919,98,2,0.4024245409445847,0.711102380852238,0.9893253492747921,7.175376890418584,3.191577184969394,0.8011389680570125,98,100
experimental_with_false_edges=100,3.2244897959183674,3.824952661476962,98,2,0.3863785663782704,0.6938147529027742,0.9767044061142823,7.175376890418584,3.3504242289416224,0.8759387436831426,98,100
experimental_with_false_edges=100,3.1020408163265305,4.023774458236903,98,2,0.4064626007692201,0.7158867851042768,0.993497779563416,7.175376890418584,3.151602432181681,0.7832452998776225,98,100
experimental_with_false_edges=100,3.122448979591837,3.779297285924679,98,2,0.38176667699960787,0.6745990001187615,0.9385398071836858,7.175376890418584,3.396079604493905,0.8986008105639108,98,100
experimental_with_false_edges=100,2.8979591836734695,4.055333473595624,98,2,0.4096505427360375,0.6973642291569849,0.9410976736405334,7.175376890418584,3.12004341682296,0.7693679045478354,98,100
experimental_with_false_edges=100,3.204081632653061,3.968651378077004,98,2,0.40089432880051235,0.7175987917440412,1.0079022186012914,7.175376890418584,3.2067255123415803,0.8080139087186308,98,100
experimental_with_false_edges=100,3.0816326530612246,4.033452556280244,98,2,0.40744023630571075,0.7152442064804541,0.990080665674225,7.175376890418584,3.1419243341383405,0.7789664785436093,98,100
experimental_with_false_edges=100,3.175438596491228,3.9541996584381307,114,2,0.37034472962543336,0.6599454336268583,0.9646688779800845,7.175376890418584,3.2211772319804535,0.8146217971332247,114,100
experimental_with_false_edges=100,3.3157894736842106,3.9854059928582517,114,2,0.37326747063036925,0.6796942846735542,1.008675896218837,7.175376890418584,3.1899708975603325,0.8004130327692287,114,100
experimental_with_false_edges=100,3.2280701754385963,3.9413134606427573,114,2,0.36913782662339517,0.6632236960634134,0.9752049379248767,7.175376890418584,3.234063429775827,0.8205547369095604,114,100
experimental_with_false_edges=100,3.192982456140351,3.9701909641360036,114,2,0.37184245262796267,0.6644422452281883,0.9731886797950255,7.175376890418584,3.2051859262825806,0.807312785514864,114,100
experimental_with_false_edges=100,3.192982456140351,3.9701909641360036,114,2,0.37184245262796267,0.6644422452281883,0.9731886797950255,7.175376890418584,3.2051859262825806,0.807312785514864,114,100
experimental_with_false_edges=100,3.2280701754385963,3.9068467629250114,114,2,0.3659097246179436,0.6574238197329132,0.9666767926393129,7.175376890418584,3.2685301274935727,0.8366159017320817,114,100
experimental_with_false_edges=100,3.263157894736842,3.8778140040366402,114,2,0.3631905576133515,0.6560751573862645,0.9683447299343451,7.175376890418584,3.297562886381944,0.8503664391714818,114,100
experimental_with_false_edges=100,3.263157894736842,3.951094550535631,114,2,0.3700539096249422,0.6684732626145272,0.9866439136845557,7.175376890418584,3.224282339882953,0.8160478820851939,114,100
experimental_with_false_edges=100,3.2982456140350878,3.8576308026703927,114,2,0.3613002276101591,0.6561599698054053,0.9720160070984895,7.175376890418584,3.3177460877481915,0.8600475933185536,114,100
experimental_with_false_edges=100,3.1228070175438596,4.059618071727993,114,2,0.3802180686421074,0.6719010577550508,0.9760609068844538,7.175376890418584,3.1157588186905913,0.7675004800055873,114,100
experimental_with_false_edges=100,3.4,3.9494335122242097,130,2,0.34638823336161695,0.6387083433921141,0.9929502811495582,7.175376890418584,3.2259433781943745,0.8168116688657999,130,100
experimental_with_false_edges=100,3.4153846153846152,4.051759093619559,130,2,0.35536278053592146,0.6567373984668942,1.0224345983495902,7.175376890418584,3.1236177967990253,0.7709288051498153,130,100
experimental_with_false_edges=100,3.3846153846153846,4.049016100178891,130,2,0.355122204096517,0.6533298326540034,1.0142143953183078,7.175376890418584,3.1263607902396933,0.7721285153945341,130,100
experimental_with_false_edges=100,3.3846153846153846,3.921526535480024,130,2,0.34394062958680666,0.6327587274993061,0.9822802788388146,7.175376890418584,3.2538503549385602,0.8297407464923006,130,100
experimental_with_false_edges=100,3.4,3.9692307692307693,130,2,0.3481245676634055,0.6419099856497266,0.9979276258370455,7.175376890418584,3.206146121187815,0.8077499917721239,130,100
experimental_with_false_edges=100,3.3076923076923075,4.029099582587954,130,2,0.353375409949537,0.6426860553927102,0.990196059159286,7.175376890418584,3.14627730783063,0.780888445008283,130,100
experimental_with_false_edges=100,3.292307692307692,4.011926058437687,130,2,0.35186919224196145,0.638456705213538,0.982132943520406,7.175376890418584,3.1634508319808976,0.7885117486967843,130,100
experimental_with_false_edges=100,3.3384615384615386,3.980202742993441,130,2,0.3490868734210232,0.6378325920621372,0.9857505047920686,7.175376890418584,3.1951741474251434,0.802766681433446,130,100
experimental_with_false_edges=100,3.3230769230769233,4.060584376863447,130,2,0.3561368090800922,0.6492127799213445,1.0018048854202686,7.175376890418584,3.1147925135551375,0.7670798644901266,130,100
experimental_with_false_edges=100,3.2615384615384615,4.038163387000596,130,2,0.35417035818409076,0.6396221027912846,0.9807660912989906,7.175376890418584,3.137213503417988,0.776891176200822,130,100
experimental_with_false_edges=100,3.3972602739726026,4.05167690127539,146,2,0.33531916622097074,0.6180488290581558,0.9942752027257686,7.175376890418584,3.1236999891431942,0.770964730223161,146,100
experimental_with_false_edges=100,3.4794520547945207,3.9819555975436938,146,2,0.3295489900680322,0.6147172683563885,0.9962664730965434,7.175376890418584,3.1934212928748904,0.8019731045832811,146,100
experimental_with_false_edges=100,3.4794520547945207,3.9819555975436938,146,2,0.3295489900680322,0.6147172683563885,0.9962664730965434,7.175376890418584,3.1934212928748904,0.8019731045832811,146,100
experimental_with_false_edges=100,3.4794520547945207,3.9760037789324514,146,2,0.32905641405497643,0.6137984520640339,0.9947773562063423,7.175376890418584,3.199373111486133,0.8046705409181371,146,100
experimental_with_false_edges=100,3.4657534246575343,3.993197921587152,146,2,0.3304794114260263,0.6152381237213553,0.9959184300485248,7.175376890418584,3.1821789688314324,0.7968998860859446,146,100
experimental_with_false_edges=100,3.5205479452054793,4.0282475200755785,146,2,0.3333801368362434,0.6255252600343583,1.01733940070917,7.175376890418584,3.1471293703430057,0.7812651418907741,146,100
experimental_with_false_edges=100,3.452054794520548,3.9908360888049126,146,2,0.3302839447541788,0.613657862921134,0.9921579195479336,7.175376890418584,3.1845408016136716,0.7979633166460884,146,100
experimental_with_false_edges=100,3.452054794520548,3.9880018894662257,146,2,0.3300493847479618,0.6132220573228659,0.9914533119777696,7.175376890418584,3.1873750009523585,0.7992410959912992,146,100
experimental_with_false_edges=100,3.4383561643835616,4.033821445441663,146,2,0.33384143818180356,0.6190356681656131,0.9996261011947061,7.175376890418584,3.1415554449769214,0.7788037937393019,146,100
experimental_with_false_edges=100,3.410958904109589,4.0282475200755785,146,2,0.3333801368362434,0.6157124906522695,0.9917783883657788,7.175376890418584,3.1471293703430057,0.7812651418907741,146,100
experimental_with_false_edges=100,3.4875,4.072012578616352,160,2,0.32192086023207817,0.6011823582581305,1.0022706250841809,7.175376890418584,3.103364311802232,0.7621205121268899,160,100
