source,target
684,2996
1055,2414
1583,2799
549,2542
148,1215
2653,2972
297,1015
636,2430
1097,1593
668,1187
1673,2463
1012,2946
1459,1945
2314,2496
1018,2468
1947,2702
1339,2294
1628,2168
931,2994
659,2306
502,2322
1083,1550
179,622
612,1147
1446,2541
434,2309
1504,2748
1542,2774
131,2042
24,1916
416,1208
722,2712
135,2915
319,1275
363,2779
1478,2466
1110,2070
442,1611
1395,2697
1013,2366
106,1167
837,1386
926,2892
167,2086
497,2486
1476,2541
1686,2122
2761,2905
488,2666
197,1699
1501,2305
1141,1504
426,2956
1009,2782
1833,1997
744,1050
1141,2672
246,1039
2656,2973
1159,2726
1675,1825
1264,2779
2169,2885
61,2979
2309,2865
2042,2292
512,2097
190,1817
122,599
540,1112
34,523
2747,2983
1952,2483
37,528
441,2567
582,2277
167,1281
606,2671
567,1925
474,1697
775,871
2264,2462
1187,2801
629,2510
892,1163
418,2970
2013,2062
215,655
497,1573
2410,2701
2069,2142
1009,2916
859,2154
1862,2832
876,1569
119,1361
2519,2607
29,421
120,2754
1154,2745
820,1408
1947,2381
2040,2609
1561,2840
553,835
668,1576
1182,2026
62,1766
1669,2144
1949,2427
41,660
1223,1569
2372,2530
763,1813
128,1302
563,1230
1667,2448
461,953
841,2406
1441,2142
395,2585
940,2385
1322,2450
329,2231
1358,1878
1759,2976
900,1000
229,832
128,1423
1558,1616
1806,2684
1448,2976
765,1485
534,1064
1389,1578
697,2519
332,1603
1140,2042
335,854
1450,2756
197,1149
1263,2112
2679,2959
48,1026
478,2825
1459,1529
1648,2448
465,1314
752,2576
869,1700
425,1952
573,2833
1521,1589
55,2907
2028,2854
1092,1183
1934,2438
1745,2273
2132,2682
423,795
545,1724
600,1660
73,682
201,1362
1982,2859
166,2307
2169,2685
167,731
1096,1948
678,1206
796,1427
125,1259
455,905
959,2882
2321,2446
602,1598
2004,2510
223,2733
2127,2809
84,854
1040,2174
49,2553
1743,2819
1034,2130
1287,1556
1035,2769
252,1340
169,1571
432,2439
2884,2909
2314,2793
1072,1604
2460,2847
975,1900
1499,2580
2381,2702
877,1779
175,2261
1655,2598
2485,2796
1282,2996
1184,2424
349,576
2207,2293
2060,2768
1134,1556
387,2036
762,1913
1873,1895
2270,2992
2163,2866
40,1928
570,2911
303,581
1302,2308
240,1464
309,517
1443,2432
238,1805
255,1974
788,2437
2543,2750
597,691
879,1572
228,2514
402,2401
2666,2820
998,2203
1089,2321
1185,2258
1612,2362
669,2930
242,1402
574,1875
92,2626
625,2860
306,2060
794,1097
1112,1406
580,2565
201,1751
108,1523
1001,2329
1498,2381
250,1872
2818,2931
1080,1575
1222,2153
2531,2874
339,1311
683,1121
892,1460
1614,1630
251,2632
2341,2898
1131,1927
2192,2546
2665,2958
78,610
403,2356
1129,2985
1542,2629
1376,2862
1054,2811
20,1837
273,2017
954,1183
1220,1568
31,1666
52,328
802,1580
256,1784
1909,2315
1730,2986
934,1066
367,2941
1845,2680
1165,2921
2524,2968
1299,1874
2360,2722
835,2642
2148,2802
1382,2811
90,1212
2218,2265
456,515
2295,2448
371,2888
70,1499
472,496
40,2788
2244,2402
535,2767
265,2906
671,1379
2078,2864
1400,1488
64,2098
1196,1200
1037,2604
1656,2353
1036,2645
1301,1896
530,558
36,1218
344,1334
848,1133
1101,1313
1147,1429
1326,1660
25,1325
806,1136
1706,2884
1305,2540
207,2039
977,2186
1715,1886
2923,2969
459,1967
32,1634
1069,1896
2523,2998
47,710
659,1732
196,281
2682,2991
385,705
751,2489
627,733
1095,1804
707,1399
554,928
287,813
1046,1619
2073,2883
101,2343
412,1747
298,2399
2037,2179
631,1562
2038,2818
732,2102
1513,2667
938,2207
1306,2374
397,1331
1280,2321
0,2863
2240,2888
1142,2387
481,2870
851,1686
840,2022
1196,2623
975,1163
116,944
23,487
1511,2900
14,896
1144,1386
414,2035
149,2518
838,1050
1395,2136
796,824
104,1994
1367,1808
250,1819
415,1361
1220,2320
1091,2398
2015,2783
146,1173
2106,2147
170,1530
2121,2950
2135,2848
75,2461
1522,2850
1904,2952
176,298
651,1345
2637,2951
1188,2452
21,131
644,1076
1261,2442
379,2993
1408,2640
2789,2941
974,2119
492,2870
2085,2330
2811,2996
1634,2394
1307,2036
1037,2175
101,504
684,2811
436,2709
1859,2512
2783,2897
436,2480
2051,2719
299,1428
1450,2987
1276,1639
56,2424
744,1549
234,252
258,2824
263,953
700,2940
1073,1990
2088,2722
2511,2559
188,2765
489,1939
2796,2957
1600,2150
442,2352
707,2835
569,1144
383,725
1792,2845
1010,2055
1075,2938
459,491
371,2593
2365,2626
345,1372
68,569
1109,1539
1427,2114
670,674
1628,2104
205,2826
1098,1646
253,1554
476,1074
209,959
572,2997
1238,1360
1704,2099
1071,2186
190,2437
747,1537
1420,2340
354,2774
748,2930
1412,1927
1988,2797
1554,2276
1220,2925
1793,2292
471,1080
595,2607
20,2376
757,1208
2200,2387
1578,1586
1070,2836
617,1319
94,2032
88,1729
1604,1760
37,2666
2153,2167
752,1894
2187,2983
467,2664
1546,2657
1009,2718
1945,2403
2363,2687
1886,2991
1141,2608
153,2504
581,2951
875,917
102,2916
1886,1944
81,1581
783,1853
82,988
1871,2346
2055,2921
1048,1784
2689,2978
287,639
82,2156
206,1697
889,973
1493,1905
185,2577
1654,2762
2650,2986
1855,2486
1170,2154
1696,1941
2240,2593
1797,2252
1998,2242
291,2680
14,1877
2742,2925
1587,1890
597,922
74,2867
1822,2430
273,1993
428,1638
992,1451
973,1209
1461,2424
1060,1097
24,2457
1416,2947
2058,2185
1920,2480
1073,1790
180,755
1620,2188
2456,2460
2031,2725
9,873
570,1169
1943,2841
632,1818
1337,2802
468,929
1237,1403
2322,2874
259,2216
140,309
100,1176
1198,2845
1425,1575
1459,2620
2166,2253
304,1585
2482,2718
300,2634
2081,2145
671,1234
2144,2615
686,2525
1539,2212
88,132
1115,2150
1194,2443
764,1169
1079,2227
399,1714
1980,2894
2549,2785
4,2878
881,936
1191,1650
418,946
1894,2561
493,2288
61,379
1250,2230
434,890
1366,1624
1161,2158
1157,2682
1609,1759
2373,2680
856,2461
653,2361
546,1481
1351,2403
23,1965
499,1894
475,1308
170,1840
361,2374
1278,2571
2009,2790
467,1309
190,506
178,1206
1377,1759
231,278
1239,2054
604,1543
57,916
382,2662
1375,2652
645,1315
416,2017
2360,2495
1049,1664
813,2885
1262,2711
238,2425
2263,2562
1247,2588
352,1443
340,2143
687,1204
168,2036
1104,1492
828,2311
12,742
17,1086
972,2770
502,2326
1663,2358
458,1731
1943,2412
1898,2935
2457,2633
2493,2852
280,678
1202,2185
1578,2930
766,800
26,761
284,1322
1185,1723
1990,2874
536,1277
551,2834
2099,2817
641,2498
1546,2604
1967,2109
2455,2866
189,2337
941,1218
423,2275
624,1511
130,976
1102,2075
832,2214
1420,2879
2246,2463
658,866
630,1033
143,2635
864,971
1326,2722
956,1728
109,1038
720,926
811,2276
2036,2589
1356,2076
1157,2132
2191,2877
770,1457
546,1978
761,1637
807,2507
36,415
297,456
113,635
705,2496
2198,2772
439,805
1733,2709
2734,2752
1175,1627
213,2973
120,2745
1419,2253
545,1231
1985,2664
2045,2944
2224,2946
1012,1340
1109,2212
1507,2487
1354,1750
1892,2823
1551,2264
847,1919
871,2276
728,1473
316,711
839,2738
868,1453
911,2843
1654,2133
140,485
2509,2647
16,715
203,2756
836,2403
581,1396
922,1460
610,2622
152,2939
647,703
893,1927
992,1640
1076,2277
1384,2164
754,1997
358,1997
2421,2426
210,1604
373,2534
287,1070
247,2166
373,2305
2016,2377
2085,2211
622,1814
1958,2372
650,2290
550,891
929,2873
655,1587
2176,2716
178,201
1052,2980
408,2649
320,550
984,1762
564,1176
593,1648
2262,2904
809,2929
1781,2042
179,318
1796,2616
1008,1826
989,1584
1593,2516
2379,2671
773,1471
1516,1744
1650,2498
1094,2280
1462,2447
2202,2745
517,727
799,1837
1091,1716
823,1413
73,915
418,1364
342,2537
175,2131
550,1254
33,2950
2218,2322
1748,1878
2410,2492
540,1734
490,2142
1450,2184
2773,2840
51,523
816,2312
2101,2676
236,276
403,453
1326,1596
2103,2456
1474,2928
709,2307
1000,2779
487,1965
1490,2643
1335,1537
130,910
1229,1784
850,970
979,2841
886,2613
2061,2351
655,1963
1689,2708
1701,1779
151,474
66,2322
1497,1720
48,2453
2178,2872
361,698
2675,2924
2251,2862
469,1399
1830,2539
899,2969
1368,1956
1760,2480
748,2019
435,1522
1966,2585
1321,1386
1336,2418
1534,2662
2070,2413
1865,2947
1063,2259
1119,2834
797,2554
250,2681
1645,2126
238,2038
2659,2929
1690,2542
420,1520
2416,2942
475,1981
2383,2765
1297,2318
1104,2152
247,2797
1651,2550
1066,1402
1002,1912
1095,2103
2385,2811
181,191
926,1099
1764,2198
2811,2919
440,2108
786,2516
810,924
276,2451
611,2929
0,826
908,2627
2234,2534
608,645
379,822
1645,2368
726,2098
249,483
1214,1623
1997,2032
2690,2750
685,1050
728,1649
308,1063
1314,1746
560,1284
1286,1913
1422,2740
434,2865
458,1236
93,2306
1367,1757
348,2303
415,1310
1273,1570
788,2575
1784,2045
53,1308
925,1008
1398,1457
1088,2463
1568,1868
1762,2673
1980,2078
228,787
157,2304
1736,2620
2118,2685
562,1306
6,1088
388,1944
1785,2741
2544,2793
86,2774
425,2240
1664,2222
781,1875
1124,2214
1129,2063
824,1427
807,1783
1177,1996
366,734
46,1318
2021,2092
1059,1186
895,2246
771,1722
857,1725
623,1558
404,733
417,2658
577,2610
871,2828
117,2366
1380,2705
461,2435
1304,1663
833,1260
1813,2449
2586,2924
1057,1648
1499,2518
2023,2932
779,1145
180,328
467,1324
732,2790
1110,2413
1261,1828
34,1671
946,2719
1469,2760
60,411
52,2213
1406,2182
678,689
464,2194
1677,2416
467,1674
223,819
629,2261
1328,1710
261,522
1090,2067
111,1746
235,1287
209,2089
496,1099
1903,2355
158,811
543,2608
1620,2003
2425,2925
1685,2132
410,2981
451,804
943,1495
1022,1559
447,2082
294,820
939,1790
1464,2429
132,758
949,2966
594,2509
308,1923
1079,1800
499,1225
1369,2542
87,234
1479,1919
1587,1718
454,930
853,2625
132,2865
543,1682
44,2752
204,1987
209,2331
1035,2144
197,779
1472,2145
1881,2838
604,874
903,1170
1020,2509
64,2586
1191,1573
1129,2681
370,1875
831,1038
130,2388
1140,1793
1705,2962
1699,2430
861,1065
117,1816
339,2417
712,1467
435,664
63,1058
1232,2671
1607,1794
1805,2038
199,1067
1510,1861
1045,1532
420,1709
537,1062
2505,2880
1579,1668
1586,2610
763,2048
968,1285
1907,2436
16,1067
933,2459
230,2753
423,667
624,1889
1964,2152
343,2630
2829,2896
1201,2395
265,2710
676,1527
1342,1876
1522,2975
1625,1676
1754,2315
140,2944
2067,2546
1174,1511
791,955
455,2992
453,2128
1356,1636
162,1427
348,2600
1999,2267
1111,1576
211,1319
1577,2803
976,1122
875,1713
357,555
522,2120
699,1487
735,1181
1437,1453
492,1948
774,2829
2054,2095
302,1033
517,2944
302,804
350,552
773,2641
955,2123
2171,2616
257,2724
226,1196
364,1389
1265,2285
1563,1713
114,2675
138,1083
1528,2924
1766,2567
1089,2059
583,1433
498,2786
785,2062
847,1479
1294,1939
561,856
812,2424
707,2142
433,1610
1465,2989
1728,2396
434,2249
224,1207
2354,2858
1681,1826
777,2588
758,2309
1006,2182
1504,1641
1115,2583
2256,2700
379,448
217,386
1815,2176
185,2568
1644,2065
1308,1850
807,2322
729,2668
1661,2877
2855,2857
391,1855
119,1167
1041,2674
1223,2651
380,979
2536,2582
144,2917
930,1382
55,364
2869,2913
57,2625
795,2325
1703,1719
1102,2253
2241,2526
1733,1827
530,2027
1103,1431
1208,2908
748,1203
636,1699
69,1817
724,1519
273,829
295,1342
21,2042
1607,2775
461,2048
1278,2307
1168,1681
142,1285
190,2228
369,2459
295,2281
11,2522
1824,2480
112,2574
919,2145
1425,2505
14,1773
1867,2069
2175,2185
1712,2949
270,2638
982,1383
713,2390
59,1637
501,1982
1998,2259
64,1486
232,1299
529,2983
708,999
246,416
1258,2634
2198,2963
737,2639
2435,2647
1767,1959
533,2580
1684,1924
457,1538
1269,1453
747,2280
124,840
535,2397
511,1774
2289,2714
1613,2165
2500,2897
227,1197
994,1864
32,2419
1906,2912
474,1074
1496,2748
1748,2740
191,493
712,1885
610,1874
729,1071
460,2344
1322,1814
1100,2704
105,1887
547,2757
509,2236
464,2988
990,2280
250,2470
718,1821
1702,2974
334,2878
577,2370
1512,2096
177,2665
891,1254
8,907
2169,2625
252,1267
1162,2471
1475,2702
401,838
520,789
1241,2535
953,1314
332,738
160,2203
99,2193
1637,1983
892,1829
100,2832
174,795
1653,1698
1589,2171
336,564
480,1777
36,2029
1894,1989
2018,2698
567,618
1532,1758
653,2607
1341,2227
1429,2074
446,2543
172,1516
526,2014
650,1555
233,2435
1719,2523
1465,1889
709,1317
678,1738
1803,2113
2259,2918
531,2479
598,1220
312,1388
663,2140
2297,2392
375,2905
2577,2675
741,2962
216,2094
1355,2367
441,2441
995,1566
181,824
671,688
349,637
1670,2644
1725,2351
1057,1892
706,911
631,2952
1113,2955
294,1869
65,2046
490,1515
139,534
240,2572
408,2385
322,921
1798,2011
2130,2521
159,2849
154,290
252,825
2399,2645
1065,2133
260,945
1061,2657
474,2860
1434,2902
949,1692
1172,1441
427,2519
244,1122
1285,1503
996,1400
2354,2471
5,1190
1586,2370
1954,2537
429,2686
2261,2953
996,1521
2596,2943
1317,2330
1434,2915
2010,2782
2015,2897
1999,2135
163,2688
631,2039
1190,1508
2100,2712
706,1166
1929,2076
565,1944
936,1857
1942,2540
1427,2094
1028,2348
257,2242
1591,2956
2235,2792
32,1077
183,1475
713,2458
2067,2427
1800,2312
1318,2043
86,1542
194,846
1417,1756
1109,1411
589,1870
135,1434
1122,2104
1905,2513
392,1770
1742,2492
2697,2715
503,783
627,1115
117,1013
1306,2864
110,2020
1336,2743
842,1417
1322,2808
644,1432
1366,2851
1168,2341
1474,1630
163,2822
175,1893
1742,2613
1382,2041
625,2587
1609,2986
289,2372
252,2490
1095,1718
251,1070
39,396
1459,2116
84,1078
735,1304
67,2831
1225,2888
213,2656
1570,2105
1501,2234
2218,2555
2108,2683
599,1379
437,2549
640,1151
328,1559
118,2503
1291,1643
687,2660
878,1733
1194,1710
5,1808
392,2254
2021,2391
1400,1549
486,1623
1692,2889
2103,2460
559,2367
786,1097
1661,2758
828,2491
2371,2396
1448,2650
6,2568
1445,2352
643,2896
1393,1667
2946,2977
1779,2871
621,2090
1452,2247
1233,1385
396,925
1552,2828
19,938
616,928
449,522
421,689
1472,2081
703,1341
9,1684
618,2960
1722,2192
1133,1568
1165,2540
2925,2931
4,1690
773,2201
1487,1544
186,2404
296,815
432,1642
318,574
1106,2081
2003,2363
1751,2785
806,1560
469,477
701,2032
365,1588
2584,2988
583,993
636,1822
529,1696
484,2448
1786,1961
1185,2495
304,2746
435,1768
589,1683
1387,1434
53,2117
404,1637
237,477
2193,2995
1403,2839
1795,1902
2151,2998
998,2561
251,1809
220,2230
779,1699
1505,1574
2255,2826
1718,2621
171,1062
658,1409
1203,1209
804,2695
1015,1158
849,1125
1981,2442
2173,2612
198,377
473,2531
731,1106
356,2131
738,1001
901,1702
2265,2322
2160,2565
828,2880
1887,2901
750,2408
466,663
1828,2442
1580,2340
179,2821
1769,2801
79,2654
1049,1657
940,2919
53,386
295,673
1389,2930
1833,2678
726,2586
1041,1429
430,2295
1094,1292
330,1310
1694,1701
2416,2854
157,335
1899,2335
1321,2358
2613,2910
250,2714
1069,2817
399,1036
2049,2050
1312,1491
775,1552
1626,2361
915,1303
1476,1599
1347,1485
44,286
38,212
515,1103
327,2035
2371,2451
1509,2715
1161,1480
1331,1891
80,1111
224,2553
1027,2419
22,2338
728,2500
953,2847
27,1635
474,2849
111,2797
2353,2703
472,2022
317,687
272,1439
1841,2528
492,1213
858,2731
791,1509
378,1047
2114,2542
1341,2592
231,768
840,849
850,1271
700,1512
1090,2192
1489,2197
1038,1507
957,2565
50,1632
497,2846
473,2223
1782,2190
2040,2714
646,1922
1260,1327
270,2803
710,860
378,2107
1346,1744
152,1535
88,2045
628,1464
84,583
991,1287
1378,2716
359,1047
367,2628
852,2148
2092,2473
241,1994
2524,2884
860,1743
679,1402
1539,2031
212,1936
1781,1793
482,484
293,319
941,2984
913,2922
2804,2830
56,2298
376,1522
109,1407
978,1819
2716,2717
613,940
107,314
82,486
560,2511
1868,2327
1917,1960
563,2516
361,2301
311,2709
378,2470
1443,1811
2058,2838
826,2337
2075,2253
2412,2841
235,620
1590,1686
1495,2617
817,1470
373,1722
1006,2160
545,782
1687,2787
2766,2780
1116,1537
666,2240
1576,2461
277,738
1266,1481
932,2130
1350,2643
2258,2495
1038,1065
470,1776
969,1231
1917,2202
1032,1516
1378,1924
359,2699
509,1246
1584,1763
1563,2872
1112,2182
933,2705
816,1137
797,895
1210,1293
1169,2689
1364,2110
753,1956
2532,2626
1069,1704
1583,1925
1497,2639
1729,1979
848,2230
1643,2464
333,2538
1491,2107
54,908
1072,2877
924,1959
726,1486
287,2836
1295,2397
600,852
832,2141
971,1253
96,2487
1440,1997
178,2785
1453,1707
1773,1877
133,1322
128,2964
2124,2629
2571,2860
358,1440
958,2896
1307,1589
780,2072
693,1137
1968,2237
383,2143
863,2780
1007,2236
1243,2772
615,1217
995,2670
513,1435
1196,2431
1696,2983
126,1174
807,2326
110,183
538,1384
1018,2775
1491,2470
2795,2810
623,933
1108,2668
222,360
421,1738
1704,2470
479,2911
1485,1608
943,1325
485,1386
607,2278
1309,2550
328,2863
310,1762
321,874
2478,2887
1414,2199
268,2933
1629,1895
1851,1971
632,2163
2010,2718
1270,1962
1325,1632
1149,1901
1084,1277
674,1113
133,1698
1019,1562
1602,1617
881,1857
1309,2563
813,2625
37,2929
529,651
1950,2071
2447,2877
174,423
1229,2045
2204,2890
1822,2559
672,2622
2303,2603
1304,2569
610,2912
128,2643
1372,2215
389,2684
62,74
819,2268
867,996
1410,1689
193,1725
33,312
747,1116
590,1132
863,2459
2632,2670
427,616
676,1586
1233,2931
709,716
1736,2505
2558,2842
1055,1474
464,1006
1092,2524
1040,2105
1988,2847
644,1610
2166,2853
240,2429
1145,2535
1754,2616
2303,2858
2444,2797
1136,1520
381,1910
136,1325
485,2233
478,1025
655,1890
736,1320
216,796
873,1820
470,1844
1296,1657
169,455
482,915
850,1836
1290,2108
1419,1764
1906,2111
99,1150
1463,1541
65,2963
1694,2871
2134,2914
854,1433
9,1378
1096,1195
41,1559
1436,1529
2807,2862
111,342
1451,2591
327,869
585,1430
1736,2989
29,1212
239,756
2024,2638
2170,2692
38,214
1788,2361
93,1870
626,2599
1529,2403
999,1383
183,2029
106,119
825,1267
1688,2130
626,1323
1421,1786
1462,1824
2119,2353
733,2617
789,1960
15,122
935,2014
1644,2245
133,2329
1707,2530
2149,2875
1846,2874
344,2512
1436,2710
541,811
1274,2419
589,2316
1893,2131
1123,1432
1042,2261
869,1552
588,1044
1591,2476
1959,2872
1226,1789
1131,1966
809,2669
513,1624
793,1678
87,2684
1226,2728
338,2037
1666,2246
637,2333
1220,2425
1996,2646
297,693
2575,2996
1594,2077
1535,2665
1390,1789
593,2448
1933,2711
1391,2428
992,2682
1016,1053
501,2859
757,829
710,754
1938,2008
1126,1864
821,1982
1595,2837
1399,1730
432,1941
284,1814
1063,1286
1068,1630
758,2865
907,2170
1903,1906
955,2921
793,873
768,2277
90,1130
2256,2438
1570,2901
1477,2444
1936,2204
1134,1287
1457,2206
1378,1684
1825,2373
1842,2542
605,2929
625,2578
1736,2560
201,2287
1827,2153
490,2124
663,1823
439,2344
831,1407
602,1584
244,1839
41,1022
2086,2794
1671,1798
1547,1991
676,2930
1218,2984
118,158
1081,1932
2330,2602
365,2250
494,674
247,1477
1030,2640
1498,1991
1165,2047
382,2833
630,2706
1535,2812
2204,2382
82,851
352,2432
656,1123
1573,2515
1108,2186
359,378
2659,2669
1594,2345
892,2827
1544,2753
1456,2640
261,449
247,2537
1811,2279
2346,2623
819,2699
1349,1467
476,1313
2881,2903
33,743
1781,2292
306,2033
1362,2574
1558,2220
980,2243
2547,2734
565,1735
725,970
1279,2310
1377,2882
423,2325
462,1270
625,739
477,1807
327,816
1691,1702
2529,2801
872,2602
2749,2804
519,2972
825,2490
880,2197
792,2313
728,2557
897,1319
1817,2228
2505,2565
840,1953
11,1576
76,1705
1189,2780
1442,2960
22,2637
39,1823
548,1929
763,1854
778,2162
2104,2298
230,2559
25,1632
1243,2198
1465,2311
603,1343
1561,2773
1136,1843
621,1397
817,1043
748,1209
1092,2968
25,814
804,1747
45,1466
1540,2835
325,1749
29,704
1810,2201
373,2234
1326,2088
166,709
1950,1952
2447,2758
194,1939
901,1572
151,1074
1704,1896
1231,1972
565,2111
969,1972
401,468
1497,2091
1457,2958
1634,2096
1344,2263
406,1714
843,2506
1213,1285
1324,2550
2100,2771
188,1528
704,2576
1698,1973
72,1316
1653,2725
33,1590
17,828
91,2763
1027,2973
1154,1994
2597,2944
312,1944
379,951
680,2111
525,1005
411,1132
58,1539
1317,2402
331,1139
174,667
1327,2043
415,2715
1693,2100
621,2820
707,2069
1951,2395
2016,2790
254,1306
1279,2231
527,2138
310,2369
1617,2226
677,887
849,1371
314,798
207,1904
568,2112
1127,1352
731,1352
789,2754
2047,2224
1054,2005
340,1201
1417,1828
1604,1920
1227,1933
1268,1705
1073,1237
1682,2513
725,1951
1101,2238
1051,2646
299,2782
25,2479
1233,2357
987,2890
613,2649
47,1743
907,2601
58,855
1844,2696
297,1137
913,1140
388,1255
2420,2563
1193,2177
1394,1938
1211,2231
1821,2914
797,2362
1074,2899
2077,2345
520,1266
1657,2698
1460,2827
355,2367
1236,1887
334,1032
253,2090
222,2511
1302,1423
1007,1246
643,2955
536,2563
405,1851
842,1852
711,1103
1559,2661
857,928
1534,2833
887,2268
518,2896
2598,2969
564,2783
476,2899
540,2160
1011,2011
49,876
1867,2935
2008,2645
870,2974
127,2866
612,1632
1080,1737
2864,2980
1632,2479
44,882
1487,1832
1936,2890
1423,2076
1058,1160
15,2810
188,523
1941,2187
225,1344
2234,2934
1964,2844
859,2384
1098,2666
638,2156
851,988
63,2221
2217,2243
2093,2436
1831,2436
247,1224
2064,2149
966,2631
2146,2942
275,1996
601,934
1012,2868
560,2744
519,2477
1218,1926
471,945
230,1822
956,2451
1181,2569
272,772
46,2644
31,1612
1813,2257
545,1833
1109,1875
431,2714
2189,2507
1700,2087
1858,2673
1495,2621
734,1705
1739,2981
257,1780
648,2190
102,2660
97,101
926,1646
812,2298
803,2478
211,617
340,1256
2585,2894
687,2532
1186,1987
5,1680
1818,2163
1183,2884
591,1023
319,1318
570,2886
279,1956
347,1831
478,1082
715,2486
2671,2789
191,796
1190,2227
1023,1592
1563,2997
141,1847
459,961
2193,2612
837,1321
773,1831
1110,1416
1504,2804
1361,2984
1125,1953
222,230
1078,1878
63,1900
2064,2875
634,2655
699,2784
1232,1298
303,569
1123,2294
1904,2630
2647,2674
2839,2844
764,2886
1629,1873
87,2378
147,2163
1285,2477
1577,2356
808,862
785,1144
909,1439
1796,2171
797,1612
1740,2764
506,1399
60,824
58,2212
973,1545
63,866
720,1099
2482,2583
2206,2419
198,2222
127,1524
326,2902
532,2741
296,1976
893,1966
124,472
385,1001
240,1815
747,1094
2275,2411
783,1276
986,1147
511,588
289,1707
1295,2656
2406,2867
892,1219
759,1333
368,1448
826,865
187,878
686,2511
187,649
1417,2501
78,1874
1067,2388
661,1700
1024,1523
1591,1836
75,1576
326,2915
124,2929
645,2106
1913,2826
204,2400
2336,2663
264,2414
1797,2614
2743,2758
95,1181
866,1058
1884,2768
1507,2552
913,2042
307,2757
558,2110
836,1529
806,2855
1016,2399
966,2807
2081,2494
2113,2712
687,948
19,2475
1571,2163
311,1829
20,1128
38,1936
21,2292
76,1962
991,2756
1710,2443
688,2755
2524,2956
2471,2541
179,370
156,2601
452,1431
832,898
269,2478
1026,1703
883,1883
270,902
767,1937
1837,2376
772,2052
2370,2610
477,1609
692,1534
291,961
628,1778
836,2710
540,1665
1961,2856
324,2535
663,2001
29,143
559,1126
765,2951
477,1730
680,2355
100,1780
2070,2210
189,1034
2133,2266
472,605
0,1778
395,2078
1217,2415
1602,2226
905,2823
151,2849
2446,2618
457,1909
1312,2423
841,2249
235,2210
183,2020
1446,1834
229,2661
2268,2733
800,1430
2617,2621
748,1011
184,2366
246,1029
960,1833
111,2790
293,2043
232,2033
2041,2811
1349,1766
917,1089
1832,1883
110,1289
47,940
536,579
954,1092
548,1636
195,2272
1196,2840
1249,1949
1091,1097
898,968
812,1682
1077,1199
1268,1962
1498,2653
1689,1726
763,2729
393,1735
2313,2573
207,296
2289,2630
154,406
1372,2958
558,2970
217,2677
828,2565
507,1167
1429,2674
352,1818
658,1336
193,2697
1425,1737
745,1224
1058,2209
865,2080
1304,1447
1954,2761
1291,2188
1566,2127
1659,2089
182,1757
2076,2643
276,638
2554,2941
1540,1845
1960,2202
855,1742
96,936
2551,2872
729,1108
149,533
1751,1799
2229,2592
1707,1958
654,705
332,654
1679,1896
2324,2600
507,1180
1052,2966
905,1455
1120,2282
1465,2731
221,2930
262,1470
2695,2893
287,2466
1247,2508
1,1843
1133,2931
1525,2223
403,1365
413,2053
912,1471
292,1763
1197,1869
1849,2549
1438,2749
2792,2947
2239,2246
532,1186
914,1288
759,1414
1468,2628
94,960
317,2466
322,2810
451,2695
1535,2803
2006,2388
588,2700
1660,1751
49,2651
1974,2850
565,1255
603,958
1515,2043
741,1602
577,676
1480,1941
769,2869
316,1086
1276,1882
2370,2907
350,670
503,912
463,2008
1321,2527
1123,2054
1450,2412
2544,2979
178,2549
981,2873
2423,2689
1190,2229
608,1315
919,948
375,2016
733,1495
1414,2876
1157,2991
417,2952
503,2201
35,2621
931,1187
1103,2462
1652,2933
2209,2558
137,1851
746,1141
687,1500
196,216
223,2268
2561,2636
49,691
792,2196
269,2909
2203,2928
2161,2931
1390,1593
366,1270
1204,2369
505,2139
520,1215
1010,2540
1963,2394
1794,2356
787,2202
1358,2957
606,1669
2519,2760
1533,1534
1190,2592
765,1396
229,864
13,2966
378,2155
56,2104
44,2804
1484,2251
658,2209
1353,2771
895,1627
487,2327
769,1259
1323,2599
1309,2664
18,2522
2010,2482
425,1863
938,1216
906,1907
328,1930
2050,2295
302,2695
1067,2498
370,1109
1397,2669
1357,1550
445,2451
975,1219
1253,2661
417,1342
47,2297
1167,2328
635,2733
2476,2524
585,926
265,1473
77,1651
560,2559
711,2462
659,2272
821,2859
2027,2139
707,2986
456,1189
277,1712
817,1168
1770,2254
419,2290
1205,2970
451,2508
742,765
1292,2858
1755,2619
416,1992
1236,1273
4,772
78,721
408,2811
642,2749
1198,2967
2359,2999
17,711
1407,2552
806,2857
99,2995
1438,2804
94,1833
1871,2134
30,2077
102,1428
355,1645
778,1711
1695,1908
1292,1932
1013,1056
440,1194
460,2341
665,1541
1277,2563
1501,1813
346,1007
2393,2889
810,1636
1200,1821
1055,2635
1523,2740
1554,2090
12,2595
1765,2502
2372,2951
166,2244
591,959
954,1765
1124,2213
716,2122
878,2709
368,2873
887,2943
747,2640
993,1878
1043,1470
950,1013
14,1328
5,1508
180,314
28,674
1043,2638
1134,2756
1743,1817
877,2871
908,1955
338,2822
1348,2227
71,2478
551,1654
1513,2294
1960,2754
2428,2859
20,2432
611,621
468,838
2525,2913
641,2486
1981,1995
269,2843
1461,2225
291,2373
1892,2448
489,1311
1449,2107
1205,1252
771,2192
1423,2643
1147,2479
1608,1642
534,1727
1057,1768
274,1093
1941,2983
103,2672
1717,1814
182,1275
1854,2048
276,2371
770,1445
279,390
752,2071
2235,2413
1475,2136
1418,1602
1485,2595
1955,2221
14,2980
360,1173
588,1266
1278,2238
410,1933
1624,1828
1758,2057
230,282
144,996
445,2156
2107,2470
2162,2177
1212,2786
1317,2085
1329,1385
492,1679
1216,2676
2603,2822
1130,1212
159,2967
2533,2992
427,1469
800,2734
1538,1909
46,2043
323,594
1565,2537
1403,1492
1471,1855
521,2272
1163,1510
417,1397
596,1399
1459,1737
1657,2018
922,1569
189,2701
1242,2971
1758,2070
123,2347
131,1942
64,2706
2433,2653
220,1233
2713,2936
311,597
748,1389
223,2699
259,2393
1343,2730
207,1708
1778,2429
582,1585
50,1761
927,2034
95,2406
202,317
962,1991
972,2679
1474,1614
376,1638
715,1067
1654,2484
2757,2834
353,1883
995,1121
2338,2887
10,2712
414,1341
567,1583
1267,2977
95,2527
623,2417
805,2394
1178,2676
741,2638
253,2820
1829,2902
103,846
576,1295
192,2581
1236,1570
453,2356
1153,1801
272,2052
762,1650
2069,2739
54,1829
899,1655
2122,2602
203,1134
499,1950
1541,2556
1446,2696
1611,2800
1686,2156
1273,1758
1732,2272
2513,2608
1618,2924
107,2779
1220,1868
917,2059
184,1013
855,952
501,1363
389,2879
1244,1407
186,2025
1296,1597
899,1897
91,2138
5,2852
251,2127
1300,1423
2437,2855
1867,2739
185,2675
1341,2400
1542,2124
1650,1923
31,2208
1965,2752
865,1653
1481,1885
8,275
354,683
2038,2742
331,1682
62,511
1228,2644
1715,2991
87,2490
92,619
402,1333
2167,2334
1021,1082
2650,2976
1366,2285
523,2791
860,1659
613,2721
2025,2106
800,2547
134,2723
657,1973
1058,2842
216,281
431,2155
429,1328
367,450
1721,2634
79,1215
810,1959
1591,2524
357,1159
930,2778
981,1023
351,2842
227,820
514,2082
1052,2889
1293,1783
2191,2933
2401,2514
552,1290
591,2679
947,2314
2509,2690
776,2203
443,1734
794,2257
59,576
2648,2741
105,2678
2202,2654
123,1234
1164,2204
723,2956
1773,2248
1129,1688
2316,2941
177,1470
1493,2608
288,2735
431,2289
202,2466
30,1716
384,2214
2466,2885
623,2459
690,1466
1316,2948
2505,2584
1968,2608
961,2720
696,988
1449,1491
778,2518
747,990
12,1295
356,1068
2343,2936
271,2687
350,1290
1174,2491
374,1647
386,2933
1696,2536
1858,2369
1083,1289
2412,2891
1878,2957
904,2751
1334,1810
2008,2020
1638,2975
168,2831
553,2642
1687,2608
1318,1987
430,2050
1407,1507
607,663
1056,2741
839,1989
751,2105
1799,2785
985,2043
1656,1982
1045,2057
1695,1910
769,2913
1514,2801
1476,2280
777,2508
166,2125
1062,2640
671,2755
523,2362
855,886
1698,2329
130,1650
1403,2152
1071,1413
219,2365
716,956
181,1615
1053,2564
2068,2276
1016,2645
42,490
231,2375
246,1717
934,1300
383,1951
1741,2268
848,1233
347,722
667,2878
101,1972
44,1438
1186,1228
966,2945
449,2655
1674,1985
822,951
1221,2417
507,1613
390,799
1420,1580
1148,1875
1172,2232
425,2483
1454,2884
1405,1945
226,2768
202,2145
419,2668
214,987
575,1195
1050,1488
967,1719
1335,2640
172,1744
2174,2392
653,1788
1783,2507
749,1267
2060,2815
738,1603
867,1488
569,1794
1556,2235
88,740
1413,2186
1132,2173
693,1079
1037,2838
400,1729
923,1541
508,2494
626,2715
370,574
1865,1943
711,2264
495,2905
1221,2780
414,1785
1202,2538
868,1201
42,2142
355,387
2426,2626
1141,2787
215,1804
1526,2598
2173,2180
717,739
538,2494
290,406
2508,2695
1300,2551
496,2497
761,1977
399,2564
46,985
1140,1781
1365,2128
344,1810
1121,2670
2026,2813
2134,2346
1144,1607
1445,2767
160,2928
1813,2934
650,2038
767,1391
1162,2149
527,884
792,2387
463,1394
1961,2539
1183,1454
1138,2206
591,1579
1840,2249
250,2040
969,2959
12,2397
520,588
1428,2426
1686,2950
1414,2262
920,2922
1854,2534
1264,1271
133,2808
692,2506
749,825
2882,2976
427,2760
2249,2309
972,2331
1316,2895
1359,1508
232,306
2056,2668
1006,1915
787,2514
214,2881
198,658
1392,2624
968,2562
560,2508
419,1071
2102,2905
63,1409
980,2801
102,2532
1516,2781
2113,2771
1222,2334
2361,2607
129,2177
561,602
146,360
1662,2606
1178,1739
670,774
155,594
642,2927
931,2801
2,2072
1736,1737
1884,1901
213,535
846,1939
961,2680
949,1357
64,2132
229,2465
974,2353
1884,2840
1166,2523
2868,2946
1443,2279
1195,1948
558,1364
236,1313
499,1952
643,2869
1416,2792
1688,2985
1756,2631
579,1837
560,777
1494,2338
802,1293
1246,2236
2555,2957
695,2133
2261,2510
2744,2893
278,798
176,1016
1616,2220
1659,2819
2578,2860
1707,2338
614,2181
221,1203
1840,2867
742,2595
117,557
327,2087
1240,2054
1579,2274
1123,1240
254,562
383,1201
994,1126
2145,2685
97,578
372,2769
40,2030
652,2823
109,854
2228,2575
3,1101
173,1512
2609,2681
1690,2411
112,1502
2084,2567
1325,1495
1753,2696
891,974
1094,1599
1142,2313
868,1256
1291,2113
486,696
642,1438
365,635
406,2393
1243,2072
912,2201
573,2506
628,2213
1706,2476
343,1263
1876,2658
1741,2699
122,2755
1333,2904
1042,2203
2227,2592
2442,2517
1060,2257
604,1977
460,2198
868,1269
1816,2994
19,2455
1263,2027
251,1566
2190,2417
1546,2086
1974,2533
823,2960
114,2463
2414,2576
2920,2936
2818,2925
555,1159
507,2165
606,2144
112,589
927,1970
2231,2310
1252,2026
450,2570
467,1985
1621,2795
1631,2022
1746,2009
1297,2671
667,2275
44,1064
1107,2022
1095,2456
1055,1337
1084,2563
1889,2731
1739,1740
681,2035
1373,1619
1082,2904
1512,1963
588,1349
4,2052
386,2117
271,2810
2088,2769
16,2291
2189,2555
1760,1920
641,1067
728,1184
353,1832
910,2918
1280,1697
79,546
34,1298
77,1897
287,1478
1919,2852
877,1694
891,1363
2439,2595
849,1595
314,1022
291,1075
827,1055
1960,2745
2896,2955
2326,2839
1705,2226
2370,2845
885,1935
934,1302
989,1763
1567,1703
321,2536
1257,2746
1587,2621
1711,2162
842,1484
1227,2049
2657,2794
1701,2871
154,1083
1606,1816
934,1423
2066,2740
244,976
918,1186
472,840
1881,2694
1518,2642
709,2244
1273,2057
937,2596
80,989
300,1258
431,1741
816,1552
642,2190
1629,2860
1092,2884
2422,2496
1315,2404
121,2195
694,1562
470,2083
1148,1769
1518,2763
530,673
1391,2170
486,1798
245,689
1253,2465
4,334
962,1498
614,2478
98,1164
58,2031
1706,2181
308,1913
452,1103
1487,2753
35,1983
503,1334
921,1847
652,905
528,1098
691,2553
1763,2836
756,2948
952,2594
1375,2431
1117,2432
937,2730
1673,2246
1181,2309
2184,2987
2660,2916
86,1288
1920,2877
494,1113
1287,2210
404,2617
411,590
1705,2723
2571,2578
1513,1964
2607,2760
1201,2143
846,1915
1529,1945
1011,2019
18,1763
230,636
6,662
138,818
473,1525
731,2086
650,2161
13,1052
1164,2382
2518,2580
1585,2375
1337,2044
600,1751
63,351
1298,2318
1716,2077
2516,2655
647,816
573,2816
1787,1957
612,1761
1651,2850
1200,2914
2099,2717
1030,1456
1011,1214
1324,1674
155,2690
57,2118
1079,1348
203,1943
1096,2978
1388,2332
925,2342
1112,1939
253,488
731,1281
684,940
1496,2804
1095,1477
2175,2604
943,2103
573,843
634,2516
1171,1472
677,937
1156,2332
425,1130
29,1130
795,2878
578,2126
5,2493
1128,2270
1445,2206
1574,2616
918,1228
412,2588
431,615
1367,2286
1048,1523
231,2661
1809,2109
754,2473
114,1618
1172,2986
1318,2286
93,512
1480,2284
1411,2450
1335,1408
1278,2860
1536,2630
1737,2620
1818,2279
228,1087
381,2083
907,1375
177,2024
619,2369
261,446
1031,2579
145,2486
1475,2061
1292,2354
1419,2166
132,1729
357,1847
117,1606
315,1850
611,2666
53,1850
361,1966
693,1015
932,2492
973,1298
431,978
1229,2944
473,2143
268,2677
595,857
2021,2392
338,1726
374,1383
792,1142
859,903
325,444
1237,1492
2099,2985
746,2194
422,1316
1177,2646
444,809
911,1480
1181,1304
1556,2413
147,2279
1332,2934
1647,1777
2010,2583
2158,2747
738,2949
912,1853
650,2082
182,516
1321,2775
2422,2793
1105,2891
1520,1709
706,967
1284,2893
1511,1889
136,814
817,2195
1970,2174
579,2552
407,1802
1679,2870
1564,1900
953,1746
903,2154
703,1800
1115,2010
1777,2129
1672,2601
2670,2935
1458,2120
524,1690
1576,2260
65,2344
280,2269
1353,2188
670,2683
1844,2425
254,2216
1605,2668
2386,2479
500,1225
183,1289
539,924
945,1575
986,1384
1385,1847
1829,2827
2077,2663
910,2557
963,2383
56,1184
596,2855
1499,2134
248,1125
614,2909
339,489
791,2047
149,2580
2086,2604
1695,2719
725,2861
1396,2800
890,2965
1344,2381
642,648
1130,1863
749,1942
955,2047
905,2455
960,2391
896,2864
1395,2319
584,1811
1563,1866
364,1313
2363,2481
575,1991
1010,1165
623,2705
363,1354
2376,2420
554,656
561,1598
512,659
550,2119
16,199
150,428
463,659
802,879
557,2243
75,2994
758,2233
1131,2744
1484,2862
1263,2405
1736,2854
1660,1812
1066,1302
412,2535
1824,1920
1567,2523
290,2020
407,1373
510,2289
733,1543
673,1263
633,2359
571,1481
415,2136
2404,2616
444,2837
1029,1541
86,914
1034,2410
356,2495
2554,2789
949,1548
434,1368
1676,2816
645,1551
590,1615
1696,1977
1675,2857
1186,2400
71,269
2431,2611
342,732
865,2759
78,393
1850,2336
919,1009
2378,2684
203,1556
544,1620
1634,2940
677,2415
374,2606
1494,2637
1829,2627
2113,2157
2605,2848
755,1022
187,1733
218,1046
2453,2979
1415,2529
2318,2791
1385,2357
930,2945
522,2662
1879,2340
112,512
822,2365
96,1507
932,1742
1021,1262
2549,2579
439,2075
601,676
2139,2415
929,1444
1118,2363
199,2093
932,2910
418,1908
96,1857
22,1642
1171,2145
1635,2774
161,1693
49,1223
1921,2350
80,2522
775,869
2481,2687
1194,2250
2030,2751
1166,2151
689,1031
419,1170
2167,2756
152,2812
319,1757
1095,1224
1222,1265
1780,2724
1761,2482
2611,2652
1496,1504
229,2214
6,893
54,2627
582,2746
1301,1679
1237,1694
1452,1619
161,1935
217,1049
752,2561
905,1571
521,2399
409,1929
1618,2675
181,493
201,2165
846,1112
951,2626
1937,2428
1818,2965
391,1471
1443,2270
1245,2551
1756,2501
101,1668
508,1009
1609,2976
1413,1869
1299,2033
1571,2455
710,2392
65,439
2181,2909
453,2241
1351,1405
1941,2439
1641,2672
175,2004
653,2760
572,2872
150,1651
2029,2488
47,2721
981,1579
1558,1856
178,437
835,2693
346,2236
1168,2344
142,1948
1458,1625
28,2829
995,1598
327,681
1063,1998
151,2899
851,1590
48,448
15,271
364,2899
598,2083
551,2762
666,2483
631,1708
982,999
2768,2840
438,2067
2520,2738
708,1662
945,1080
413,1485
153,622
791,2599
1732,2399
450,2306
835,1888
1363,2007
1566,2632
1753,2458
1173,1883
2017,2504
301,907
2109,2736
275,1672
182,1444
87,389
18,2504
1203,2930
1759,2882
1230,2538
1161,2704
73,1393
665,1039
2019,2469
1020,2435
555,1847
226,2840
380,2489
206,875
1608,2053
94,2391
329,1211
2674,2750
721,1735
1786,1830
1980,2864
1873,2472
1905,2424
619,2626
1555,2082
555,921
572,2551
1599,2354
1000,1271
172,1119
516,929
323,763
128,2510
355,1506
1014,2374
315,2336
1705,1962
497,1855
299,1345
345,2215
1338,2205
594,2690
301,1391
1689,2139
1205,2026
1817,2819
1449,2423
224,649
2037,2822
447,2384
342,2102
698,1966
786,1813
2697,2868
1616,1782
1239,1795
201,2328
480,1514
2880,2989
2121,2183
584,1571
596,2857
157,1238
401,1864
1526,1744
2367,2589
70,2518
2224,2540
2408,2886
1174,1787
97,2126
907,1177
101,2999
115,719
376,2975
188,2924
1188,2624
1623,1798
1151,2971
1435,2501
898,2562
1065,1507
1581,1801
1916,2545
930,1282
314,784
558,1410
2048,2435
281,2593
1234,1693
1745,2434
721,2111
571,1349
54,830
405,1582
1246,1932
299,1600
242,1066
366,607
385,1603
1866,2845
1539,2450
334,2052
2545,2608
537,2640
821,2170
528,605
1642,2053
448,1026
1155,1642
255,1651
2015,2500
1402,1519
2135,2336
1126,1355
300,2296
1284,2695
730,1126
1708,1976
137,2009
557,2366
92,2532
2265,2796
337,1316
130,2006
126,2264
186,2315
64,1157
1454,2998
523,1671
222,282
1773,2980
703,2312
252,1622
2485,2957
243,341
456,863
2226,2962
1937,2859
144,2025
151,2967
894,2294
465,1851
702,1535
573,1384
493,1132
1560,1825
364,2967
1119,2762
2096,2973
69,1743
1860,1942
502,807
719,1330
1365,2939
485,2597
203,1450
812,2726
1434,1955
551,2133
946,1908
27,1867
908,1387
1059,1785
2120,2175
1361,2123
344,756
41,755
2238,2396
2047,2599
54,1219
744,1400
2058,2694
107,2277
57,2685
1017,2727
1249,2067
1903,2591
5,2229
1474,2414
409,629
321,1977
312,696
1652,2191
292,2673
63,1160
740,2045
2352,2767
98,2578
404,2621
834,1680
1345,2421
825,1860
1637,1775
1230,2848
719,2632
534,2327
1561,1901
2737,2995
97,2999
1991,2653
673,2112
2400,2592
1697,2849
319,833
764,1449
678,1180
285,2646
963,2332
2074,2543
2194,2608
1402,2379
34,2283
1020,2048
1419,1565
290,1714
195,659
2195,2954
1787,2900
713,1753
1200,1871
1284,2508
52,1778
298,1016
389,646
134,2342
1340,1622
39,267
417,1876
1387,2902
148,2654
251,2109
927,2392
160,264
2245,2667
321,2582
1450,2167
1214,2156
880,2051
1654,1674
1328,2443
1949,2790
1718,2103
1965,2734
253,2828
994,2274
1973,2329
574,668
276,1011
185,1381
1502,1926
60,1615
669,676
970,1836
1075,2118
383,1073
1426,2870
2332,2383
1045,1192
2631,2945
1368,2865
2121,2614
473,737
1734,1939
1783,2326
754,1659
432,1608
1000,2883
1258,1421
29,208
867,1307
1677,2573
947,2993
726,2765
1390,2516
454,845
600,2360
1056,1179
113,552
1510,2581
42,2069
1563,2178
1162,1834
248,1908
977,1071
287,853
239,1859
490,1441
2541,2799
992,2591
1379,2771
312,388
1232,1297
84,1433
1063,2242
413,1608
783,912
1791,1934
2200,2856
304,2375
478,2262
1288,1542
598,2327
56,812
1671,2283
1757,2286
518,2829
745,805
1137,2312
1355,1488
600,1326
586,1391
510,615
2012,2697
1685,2302
859,1028
1330,1845
2225,2926
1074,1101
1521,2315
1722,2305
2007,2703
541,2035
307,407
983,2905
678,2269
105,458
2345,2698
366,462
3,2396
1154,1740
1842,2114
802,1783
1375,2611
2063,2985
1084,2664
1323,2946
488,1098
679,2615
28,1113
410,1178
637,2389
1518,2138
67,2273
1490,2076
2235,2947
2527,2567
237,469
956,2371
1558,2705
2248,2886
814,2961
1975,2993
73,482
699,1173
141,357
476,1101
242,934
259,2564
1314,1971
606,2379
1200,2623
1379,2100
2034,2297
459,2625
1955,2418
191,824
67,300
578,1004
1176,1862
689,2269
947,2793
1355,1864
1403,2844
904,1928
420,1061
1998,2724
2273,2434
27,2069
730,994
430,1227
244,2003
1056,1918
1106,1281
823,2390
940,1743
2476,2884
466,1823
1409,2221
1643,2388
123,1605
682,1303
852,1751
692,1533
239,2948
113,365
1076,1644
1265,2334
470,1834
1279,1414
759,2876
1891,1978
1213,2817
714,2581
609,838
1178,2981
1165,2224
43,1329
850,900
1044,1934
810,1767
104,787
1984,2263
1435,2987
1151,1242
1592,1658
2782,2916
760,2296
1336,1409
1711,2518
291,2720
895,1666
148,1917
1211,1414
1567,2998
1084,1309
2257,2398
779,2430
1656,2703
1802,2757
288,1146
396,2140
1709,2300
57,459
2189,2937
1419,2467
538,2718
2843,2909
1083,2023
298,521
1839,2006
1673,2239
811,2503
809,2659
162,2094
585,965
1497,2013
2085,2183
2302,2706
2274,2873
637,2323
2411,2878
279,400
740,758
3,236
2102,2537
426,1093
66,2507
458,1045
1643,2188
1142,1677
567,1446
1582,1949
1914,2422
307,583
186,1754
69,940
1425,1736
1412,2706
2078,2301
2262,2876
2716,2817
1428,2421
1362,1838
288,691
112,1926
336,1176
759,1279
700,2096
1674,2598
1804,1890
1255,2614
1511,2311
798,2375
1753,1844
1959,2178
1554,2129
693,1800
1421,2273
137,1582
1742,2594
1012,2977
2220,2892
616,2519
1526,2969
505,2688
684,2919
2382,2890
608,2106
537,1408
382,1534
1003,2110
1636,2548
927,1105
2167,2184
248,487
1375,2692
1803,1907
292,1762
1296,1581
320,2763
1531,2387
502,2474
540,2766
1250,2633
2397,2767
1882,2846
1264,1750
756,2512
1477,2797
193,857
1337,1474
746,1006
2150,2782
985,1288
190,788
761,1543
267,1008
971,1124
239,2895
875,2059
6,1381
2487,2552
305,482
329,2825
278,1022
689,2579
782,2770
102,2782
611,2659
664,1768
951,2993
1605,2056
794,1060
1484,1995
372,1596
764,888
1405,2116
820,1197
150,1897
331,2726
2084,2441
900,2883
518,603
480,2068
127,2438
200,2657
670,1374
900,1836
248,1910
960,1887
36,1502
347,906
918,2644
2475,2676
1740,2981
1583,2280
649,1207
2276,2503
1541,2808
333,449
262,2195
888,2886
2390,2982
1196,2773
652,1892
213,1027
944,2000
182,1448
1548,2932
2709,2735
651,2421
1881,2058
351,1900
607,1331
1553,2000
1783,2691
950,1670
1258,1786
1177,2652
1865,2235
1409,1955
43,2457
1732,2645
787,1154
780,2198
2089,2882
927,2891
240,1924
1800,2227
2338,2805
263,2847
1426,1491
2343,2920
2838,2862
708,982
1028,2384
702,2665
67,168
1180,1206
691,2735
436,1462
1217,2027
1482,1544
19,127
875,1280
886,1109
2527,2569
1780,2783
1494,2951
2668,2693
2365,2426
1399,2835
948,2145
383,2861
1331,1617
59,1983
983,2102
384,1285
499,1989
84,993
695,881
397,1978
1352,1676
873,1678
90,249
336,1473
134,2278
1132,2612
1677,2146
2532,2660
97,2359
866,1409
957,2988
1662,2777
1051,2623
1202,2267
916,2169
1053,2440
158,541
1875,2777
114,1666
201,2574
1087,2401
636,1482
283,2118
1928,2788
938,2049
1306,2216
581,765
397,944
674,1710
524,2180
920,2180
1097,1813
1209,2283
1295,2323
1019,2159
542,2988
783,1882
2770,2959
472,2929
269,614
492,2349
1815,2214
545,1192
880,1182
284,370
375,1949
454,2996
1772,2517
51,2791
1418,1467
991,1134
2191,2851
503,1316
2079,2152
1656,2692
1926,2287
1931,2402
1223,2581
72,2971
180,784
526,1192
2183,2330
767,1254
2374,2864
1455,2823
2413,2792
1389,2469
200,2604
164,695
313,2252
782,2959
1308,2251
672,2535
1052,1773
406,2564
793,1778
84,335
824,862
839,1894
1749,2115
1372,2128
243,587
1435,2184
486,988
1519,1545
939,970
858,2028
409,2727
2296,2634
1520,2938
1499,1832
956,2307
1622,1902
1627,2246
1625,2816
572,1563
68,303
1339,1964
1440,2770
1025,2262
1577,2775
1370,2711
594,763
1249,2192
24,2633
2539,2634
2055,2292
659,2097
2166,2537
259,406
1398,2665
967,1166
2319,2715
335,2350
51,2362
1405,2560
284,1109
597,1569
831,1507
1682,2545
2224,2599
333,1230
1138,1398
470,2696
609,1808
1039,1392
2754,2764
383,1990
815,1647
2465,2661
329,478
385,1541
1047,2155
116,2814
871,1700
616,656
292,1993
1156,2098
2267,2538
1885,1978
2805,2887
1480,2158
1750,1790
263,2460
433,656
1837,2432
466,2001
662,893
233,258
768,1585
1086,2160
2049,2207
1956,1979
562,662
481,1491
837,2358
2196,2900
2080,2725
662,1014
2506,2833
305,484
601,1300
668,2522
2638,2723
704,1950
488,2820
121,1077
274,2073
2290,2390
750,1773
1216,2475
1622,1702
2446,2903
1830,2634
269,911
704,2071
1311,2749
1225,1248
1213,1948
502,2839
264,752
565,680
962,1548
1251,1422
1116,1197
457,2315
443,2417
323,2729
1354,1779
763,786
1009,2010
692,2074
1346,2598
1416,2105
778,1094
1201,1951
566,1440
1096,2423
1310,2123
1456,2177
391,1853
1984,2562
926,965
722,906
1326,1838
2320,2925
386,2677
1005,2655
826,2949
143,704
2364,2739
218,2275
1145,1911
1112,1734
1000,1264
1769,2529
1091,1153
2035,2648
132,1979
337,1859
757,984
798,1022
896,1328
2565,2584
2385,2919
1505,1786
1109,1557
1097,2257
372,1035
854,1038
1029,1039
91,527
115,1867
1283,2612
374,815
1640,2132
838,1444
136,943
1558,1770
579,695
751,1970
1322,2725
1661,2191
487,1631
380,751
27,1121
2164,2482
218,423
440,1290
660,1559
789,1215
2570,2941
1174,1551
107,363
2407,2654
1455,2207
274,705
155,525
404,1983
1001,1973
1297,2789
125,353
1792,2997
637,1696
281,371
1068,2148
901,2974
1727,2787
1651,1974
104,2401
171,1408
675,941
2854,2942
2219,2431
1467,2567
1386,1447
436,1827
1169,1449
274,1765
896,2980
170,890
1197,1925
1288,2043
367,1175
203,2235
663,944
403,2939
852,2802
2409,2834
795,2002
967,2523
927,1404
1235,1520
920,2411
1252,1689
2573,2942
1649,2557
2098,2383
1217,2405
1129,2521
788,2228
793,2572
275,2646
1095,1890
1530,1818
993,1879
2106,2917
289,1497
115,2364
287,2885
1302,1402
510,2405
68,1794
217,1594
7,1784
1188,2993
1256,2639
277,332
208,498
1474,2044
218,920
820,1254
894,1240
200,1546
577,1792
0,2949
1495,2103
1576,2994
1932,2858
2183,2211
1221,2766
512,2306
1037,2945
1305,1942
1017,2707
89,1156
15,1621
115,1330
1527,2930
1606,2994
2063,2681
2517,2851
523,1798
1133,1727
482,1393
886,1742
829,1208
483,2786
980,1606
1090,1249
852,2360
387,1506
781,1662
86,117
22,2805
772,1842
1553,2407
1030,2137
104,1154
2215,2526
931,1606
98,2571
1078,2299
697,2607
1631,1953
247,1095
211,1172
1303,1370
2311,2880
2655,2690
227,1116
1008,1681
72,1242
137,405
304,582
343,510
1707,2887
468,1444
464,1968
2028,2942
911,967
952,2725
2600,2875
2674,2824
2209,2990
392,816
123,2348
265,2926
681,2087
1163,1861
1152,1443
2069,2835
1035,2615
2798,2981
85,2995
576,1512
1216,2101
237,1817
2002,2781
582,768
1105,2041
38,1873
1461,1905
1750,1779
199,2464
2136,2488
685,2852
1352,1625
279,1117
950,1056
1490,2727
2183,2950
839,1225
171,537
1344,1626
602,989
664,1638
249,1130
1104,1644
209,1997
708,1415
424,1656
773,1810
396,1823
1523,2796
984,1993
538,2172
1018,1577
1052,2393
1131,2686
594,1020
1381,2568
1904,2609
909,1526
33,2121
742,2352
988,1590
1612,2208
2251,2838
1874,2622
2691,2844
440,674
2809,2836
1114,2345
1661,2743
1833,2032
2380,2430
2511,2913
418,1595
43,220
891,2007
2088,2258
1232,1519
867,2589
333,2655
837,1663
123,859
1628,2687
1124,1464
862,1427
1724,2920
1865,2105
2224,2977
498,1150
364,2907
1002,2935
286,1496
81,1801
2216,2564
1080,1771
1596,2590
337,2895
1323,2697
966,1376
305,1667
876,2651
279,2432
1698,2759
956,2122
732,2377
2248,2408
269,1155
1525,2013
559,1668
2362,2924
679,2258
799,2552
754,860
7,108
325,2669
1149,1884
280,1206
53,1981
1720,2639
438,2546
105,1848
1201,1256
1677,2942
940,2649
820,1335
911,1719
381,470
14,942
965,1430
1187,2260
1892,2049
734,1268
2000,2814
1217,2139
219,822
644,2277
2314,2452
781,2777
2585,2686
362,578
838,2493
2032,2473
2326,2691
17,580
297,863
187,991
271,1628
873,2716
1033,1685
1869,2186
1201,1269
535,1445
621,694
1382,2778
1079,1508
2045,2304
1047,1741
300,760
363,2277
220,2457
2346,2646
315,2694
1597,2558
1999,2538
411,2173
1641,2830
1789,2728
335,1360
1297,2791
1617,1978
785,2091
1511,2491
335,2299
895,1175
642,766
210,1072
554,2868
55,1198
2233,2597
719,2935
562,2463
2298,2726
1723,2495
615,2289
771,2048
957,1006
184,1056
932,2410
1342,2281
1586,2907
853,1070
713,2982
1556,2210
969,2679
1215,1917
453,1365
1050,1355
1451,2682
750,1588
1042,2928
452,1665
2759,2949
648,1311
138,1475
1155,2805
1623,2156
650,2818
37,605
283,1075
432,2595
1416,1570
478,1021
1006,1406
1763,2809
310,619
1325,2583
84,2299
905,1768
22,1155
490,1260
276,2469
350,2943
990,1583
2521,2609
2103,2621
738,2759
1280,2059
2116,2560
1190,1348
1269,2395
1467,1885
738,1712
1562,2159
2153,2334
2149,2858
1161,2983
1195,1547
1049,2018
935,2936
964,1422
456,2147
1096,1312
447,903
194,2672
538,2482
1737,2806
862,2542
215,745
127,632
1701,2065
1114,1716
99,1738
1297,2362
388,565
721,1906
857,1272
915,2711
1044,1135
1441,2232
1016,1036
444,2271
2452,2993
1118,2481
54,1564
749,1860
826,2080
0,52
239,2512
688,1621
1431,1665
1782,2417
130,2498
167,2794
527,885
1884,2815
719,1809
2346,2580
178,2165
1881,2251
2612,2995
36,2984
1268,1270
454,1282
46,1228
605,926
70,353
968,1503
341,587
402,1994
161,885
1616,2892
2409,2757
424,2692
226,2219
1315,2900
1613,2328
1483,2713
1524,2256
8,1996
882,2752
1054,2041
238,2458
1310,1509
274,654
179,1814
1559,2213
1646,2892
1245,2548
632,1530
1019,1976
599,1353
382,2816
2457,2545
1342,1397
1772,2442
211,490
1792,1899
202,2885
236,2469
1196,2282
208,421
1839,2388
440,1710
1534,2506
775,1700
1916,2608
384,1815
1339,1513
2256,2676
1275,1757
74,1774
153,2821
762,1882
1882,1913
1140,2737
414,647
87,252
2031,2450
2034,2721
790,2129
1486,2098
321,604
538,1127
923,1463
675,1361
398,558
888,2408
1999,2848
65,2075
18,273
1650,1913
1206,2165
2647,2776
195,2306
656,1469
732,2016
219,448
1017,2643
1755,2114
1920,2447
2596,2730
1708,2039
13,1548
106,507
983,2537
50,612
1122,1649
230,1482
8,2601
1259,1883
949,2889
200,556
310,2673
695,2484
1796,2273
237,1377
841,2309
886,1557
168,1506
1887,2391
770,1611
1429,2479
224,620
1041,2074
883,1259
2686,2744
1770,2220
2197,2324
803,970
1192,2014
412,1085
1236,2057
2003,2687
855,2594
705,1603
471,1436
2112,2630
324,1911
83,802
1401,2538
438,2427
1183,2544
899,1324
66,2555
843,1429
889,1545
390,400
1410,2708
568,2658
962,2023
1072,2191
1088,1381
621,2669
263,2961
230,2784
302,1640
2956,2968
160,998
2026,2051
419,2390
887,1741
61,2453
176,2440
894,1902
901,2844
285,2346
987,2618
1735,2252
2147,2462
1402,2308
996,2852
189,1820
1431,2780
1520,2300
1081,2896
1726,2139
368,516
939,1271
560,686
1315,1787
2225,2237
855,2031
924,1636
1182,2197
2185,2838
1892,2293
751,927
1282,2778
497,1276
266,2575
238,2742
42,1635
1513,2152
869,2087
1560,1675
1195,1991
1138,1457
1000,1752
26,1775
630,2744
683,1816
1307,2434
144,1538
2492,2594
174,2878
468,1864
647,1341
1015,1508
103,194
356,2360
2472,2881
1799,1849
2406,2527
556,930
1394,2029
1602,1978
571,1467
1068,2044
1470,2024
1972,2679
688,1234
136,263
48,379
447,650
894,1339
1374,2730
1572,2974
1785,2035
539,1636
2268,2943
184,1179
497,1639
495,2761
541,2648
95,841
1406,2160
1723,2510
904,2178
196,371
865,1698
1935,2100
1467,1766
1503,2214
2459,2780
1227,2050
599,2481
1550,2932
1171,2118
1307,1521
1742,2910
632,1840
260,1968
549,1842
1251,1360
1670,2741
775,2828
293,1327
2423,2978
1222,1827
1681,2341
225,2361
409,2707
505,2415
784,1601
469,506
1565,2166
326,2709
589,1362
723,1591
1948,2870
172,2205
1149,1699
1007,2518
1871,2623
1301,2470
630,2302
353,1499
1525,1720
2591,2912
504,1668
2109,2680
1522,1651
1069,2349
329,2310
993,1078
175,1614
653,2141
1601,2883
1150,2193
1913,1923
812,1905
1156,1715
206,1866
2002,2409
2012,2868
1373,1420
1627,2239
880,2719
615,1741
946,2026
1185,2308
157,1048
637,2439
24,1687
1015,1079
381,1695
36,1926
2162,2640
156,301
1294,2830
982,1777
1345,1600
395,1980
192,1163
18,1993
1370,2825
919,2660
685,2493
332,2863
2558,2990
617,1275
1376,1852
1195,2972
668,2260
427,656
844,1439
312,2332
2628,2941
1249,2427
669,1586
2176,2817
106,1180
407,2340
228,1880
1009,2445
1071,1108
532,1059
758,2045
1823,2140
2265,2485
157,2350
1027,2206
89,1886
580,2160
1072,2851
1609,1807
1465,2028
522,1401
47,613
157,256
1418,2441
941,2287
326,1462
1914,2793
1145,1299
110,1083
877,1750
1971,2546
1680,1808
1377,1807
2724,2783
2323,2439
1849,2785
1059,2400
109,831
2577,2706
941,1361
2205,2834
546,2000
458,1887
1394,2097
798,2746
225,898
708,1769
1907,2093
902,2803
2330,2950
1098,2220
907,2652
1419,2046
111,732
986,2164
17,316
1803,2157
910,1122
2066,2796
261,2662
2561,2738
1499,2914
599,671
65,2198
0,793
1261,1995
890,1530
1153,2398
532,1785
860,2819
1493,2237
1966,2686
634,786
1081,1246
1580,2879
878,1146
2538,2848
1273,1416
421,678
173,576
556,2300
893,1131
2242,2971
103,746
411,862
1529,2806
519,2381
2269,2579
2129,2276
718,1544
1532,2057
2125,2571
1012,1267
750,2250
1001,1603
1118,2188
1739,2764
1300,1899
157,1921
105,1731
410,2101
1574,2404
1464,1778
1075,2720
665,2556
207,2910
2320,2931
1301,1491
2560,2620
903,2384
388,743
596,1675
1487,1883
754,2032
817,2317
235,649
1265,2184
489,1734
577,2335
866,2209
463,2499
1568,1727
203,1865
798,1257
2477,2972
765,2800
372,2088
563,1390
210,1760
349,2333
612,986
1725,2061
1895,2472
2365,2421
262,1398
749,2977
614,803
153,179
125,346
1421,1505
1176,2906
255,2563
2321,2472
1892,2295
192,1460
321,1345
364,2469
1910,2083
1018,2441
510,1217
713,1805
2604,2945
348,2875
1237,1990
130,2918
2392,2473
2355,2591
858,2573
1364,2970
1340,1795
1765,2496
1085,2508
987,1936
1119,1338
1619,2378
554,2054
53,1772
829,1993
127,2475
225,832
731,1458
211,897
1455,2455
770,2352
1320,2267
726,1528
640,2242
1295,2439
1544,2914
1253,2213
2510,2707
2543,2655
834,2229
168,2368
1687,1916
30,2663
1659,1817
2211,2330
552,2250
2205,2781
450,2239
1321,2468
1031,2635
2082,2795
1471,2641
1445,1457
748,2283
2849,2967
672,1241
1272,2697
28,2896
635,1588
654,1601
742,1485
1313,2469
1444,1757
1588,2408
1347,2053
60,862
1904,2910
2496,2556
233,2776
298,1673
1984,2381
525,2655
585,720
2605,2728
1727,2230
758,2597
1518,2056
834,2592
1436,2926
4,1842
214,2618
1697,2472
465,1971
2415,2688
1083,2020
26,59
1822,2588
17,2491
1061,1709
1794,2526
1104,2079
431,1047
310,757
15,2795
2095,2868
2305,2449
2723,2962
1436,1771
842,1261
743,1255
1404,2721
25,2961
1795,2054
93,2570
34,1209
258,2674
288,2553
2098,2765
255,2376
114,185
1242,2255
392,1856
51,1297
94,701
1343,2603
890,1840
2509,2750
327,414
1772,2191
493,1615
1035,1669
1350,2727
536,1985
2181,2884
1169,2423
873,1378
2134,2580
1005,2729
576,2323
118,1179
352,1117
403,1577
429,1980
68,2526
415,2984
131,1010
1132,1615
462,2278
419,1413
1614,2261
1963,2940
1173,2784
2381,2433
718,2914
40,1767
1998,2897
129,533
1032,2781
767,820
433,1469
959,2976
1898,1912
466,2814
1271,1750
1713,1866
850,939
695,1065
657,2759
13,479
980,2217
1133,2230
1442,1753
776,1929
154,1357
648,2417
947,2979
897,1172
1122,2687
900,1591
146,1883
1562,1976
289,1437
989,1111
2362,2554
419,729
369,1137
138,2702
401,1355
162,844
1187,1769
423,1373
722,1935
839,2520
261,2543
500,839
1959,2551
646,2879
1764,2046
2321,2903
210,1265
1218,2287
2043,2629
2612,2786
1039,1992
2253,2853
221,1545
961,2109
2,2898
420,2657
1824,2447
652,1768
232,1145
488,2828
1195,2653
460,780
613,2005
133,385
914,950
363,1076
206,2849
952,2410
938,2475
642,1430
1904,2039
622,1717
606,2941
1122,2003
2521,2681
330,791
2732,2864
999,2606
1561,1821
1062,2137
1846,1990
911,1941
209,1440
169,2270
217,2018
1633,2111
1746,1988
600,2722
1486,2586
1723,2004
159,801
1275,1319
2153,2756
774,2730
545,2678
661,2035
511,1044
277,2863
849,2271
241,402
225,1626
63,1564
1899,2997
1121,1912
1764,2772
286,2804
2149,2354
139,1064
1958,2530
545,2920
705,923
106,2055
295,530
1846,2474
1655,1674
163,2037
502,1237
1276,2846
2222,2990
338,348
422,2971
1074,2860
1724,2713
1127,2494
542,1575
1032,1439
2675,2706
333,1401
240,2176
644,768
2158,2187
1380,1856
638,2451
1159,1628
567,1753
75,1816
1171,2685
1027,1445
522,1458
923,2556
145,1471
2203,2953
453,2526
515,1189
664,2975
481,1312
2265,2555
1630,2044
463,1938
583,2757
1640,1685
2223,2265
268,386
1102,2046
489,1294
1929,2727
28,670
2130,2717
623,1782
1803,2093
971,2465
515,1431
293,1318
1838,2316
205,1242
180,660
37,611
1905,2225
544,1839
2130,2609
122,1621
1161,2747
123,1028
193,1272
188,2362
618,1946
654,1603
69,684
499,2483
132,740
2193,2786
1281,1472
1351,1945
329,1025
248,2083
1304,2358
271,2481
591,1668
1355,2589
398,2027
212,625
2557,2918
1712,2863
1132,2288
397,607
1739,2700
897,2650
783,1316
1208,2017
473,2322
101,2679
562,1088
156,171
835,2186
783,2255
198,1336
2510,2964
1973,2759
177,1398
409,2953
1799,2579
1704,2985
19,1455
1454,2544
894,901
1550,2023
2145,2169
2117,2336
868,1437
2122,2451
2803,2812
986,1429
1669,2590
86,354
514,1555
901,1964
70,346
620,2210
694,2159
771,1854
88,400
7,1229
134,1270
197,306
214,1936
1162,1446
234,1622
1471,2201
1090,2546
1138,1274
69,2228
351,1160
1932,2303
142,2972
426,2502
362,760
2395,2478
1966,2301
374,999
1112,2160
322,2795
1492,2152
10,722
1274,2195
2030,2178
163,937
23,139
960,2678
707,2232
333,2516
1458,2662
876,1223
122,2481
276,2396
1446,1753
345,2526
191,2288
341,835
2188,2363
1085,1747
546,944
939,2861
433,2760
112,1362
296,1708
2691,2839
633,2296
901,1293
1040,2391
1714,2564
1027,1634
1113,2869
6,562
832,2361
1458,2086
1828,2851
1344,1984
303,785
1077,2394
1529,1737
536,2484
1184,1473
1132,1283
1462,2915
1814,2808
716,2307
762,1191
1761,2164
665,1029
998,2636
1506,1645
642,1311
2088,2495
651,2528
997,2936
1735,2111
1924,2572
1004,2831
2174,2454
983,1954
214,2446
19,2207
366,1268
760,1424
880,1489
1317,2244
2129,2159
255,2420
2186,2693
1514,2529
1,1520
1704,1872
1415,1769
117,914
365,750
1072,1366
172,1338
626,791
968,2477
1565,2467
1840,2406
1616,2927
124,809
375,2377
1581,1657
1357,2932
488,2254
1140,2180
665,1392
1334,2948
1396,1611
164,881
1146,1207
170,632
908,1564
412,2380
823,1197
1969,2183
347,2436
190,237
162,2619
1123,1610
2033,2060
529,1100
1365,1372
665,2452
761,2389
1633,2355
2142,2232
5,1359
100,1862
1690,1842
322,514
360,769
1870,2941
996,1919
316,2160
1505,1796
236,2396
659,2499
950,985
1588,2733
2205,2409
135,2758
350,2683
1038,2266
1721,2296
743,2614
1092,2502
717,1164
300,2273
319,2286
735,1447
675,1167
615,887
1645,1668
1430,2497
2316,2590
1082,1262
479,2689
436,1824
284,2450
2534,2934
473,2874
378,1819
49,597
809,2271
2170,2428
2483,2888
2376,2533
842,2862
64,2302
1524,2438
116,1940
1664,2677
2467,2772
249,2240
212,2587
1308,1995
1170,2290
552,1194
1075,1235
407,547
442,770
144,847
2093,2157
1525,2639
418,2813
242,601
1283,2288
2501,2891
1143,1756
1492,1644
270,1602
1925,2960
1142,1531
2040,2681
803,1836
808,2180
505,2179
708,781
529,2536
1767,2788
55,2845
826,2759
1051,1120
501,1656
1184,1649
862,1369
142,2477
524,2542
1713,2178
682,1667
845,1136
1352,2172
985,2644
1654,1985
852,1068
193,1395
1323,2868
976,2006
9,793
1831,2291
79,1266
1872,2063
531,2824
65,1102
416,622
435,2850
832,1503
1193,1711
85,2737
1714,2645
953,2961
1121,2774
1482,2753
1148,1187
532,918
1547,2653
700,1963
1407,2350
942,2250
723,900
164,936
248,2327
623,1221
118,2217
1656,2007
861,1507
632,2438
1320,2058
334,2781
1619,2879
485,735
1109,2777
1665,2766
1880,2654
2136,2351
1635,2069
45,1860
547,795
1513,2079
1471,1853
1567,2544
445,1686
1269,2887
1604,2877
327,647
2388,2464
954,2502
1563,1792
1494,1958
1914,2544
332,1930
168,1004
1386,1607
1879,2937
2149,2303
1426,1679
1386,2775
1324,1897
101,2936
820,1869
1195,2978
1255,1797
81,2698
1454,2909
1089,2030
165,1645
553,2693
966,2862
1616,2190
150,1522
2559,2588
198,2990
929,994
5,609
2479,2824
579,881
875,1697
937,1343
295,1876
1122,2557
2321,2881
58,886
777,2559
257,1998
1460,1569
1780,2971
1239,2095
444,1595
380,2105
731,1625
2468,2527
1262,2981
362,1004
1969,2614
1986,2258
1158,2106
757,1762
1872,2681
543,2513
407,1420
85,1140
1330,1809
2724,2897
192,714
1169,2911
2380,2535
441,1418
804,1241
446,1533
0,1712
2223,2322
1732,2499
1837,2552
546,1885
2122,2950
569,785
261,2655
1811,2270
1136,2855
943,2460
459,2118
1911,2622
1427,1755
43,1385
2004,2261
2216,2440
557,1606
1100,2528
1835,2748
1659,1997
599,2771
141,1139
535,1295
222,2784
1213,2176
1425,2584
2624,2908
827,2635
889,1298
316,1665
1070,2127
1154,2764
106,394
1396,2526
885,2347
386,2663
28,2955
1094,1932
1691,1922
1703,2979
586,2428
1226,1593
773,2291
2170,2859
148,2202
532,1670
215,1963
392,2828
1746,2797
2489,2841
1429,2824
2056,2693
392,1552
443,2766
1102,1419
1014,1306
1003,2837
2259,2500
801,1198
451,1085
26,2333
1461,1473
355,559
262,2317
2020,2339
853,1967
406,1692
495,983
245,2269
1635,2124
1222,2480
1776,1834
1819,2470
2053,2637
351,975
81,1114
391,1276
661,871
1674,2762
29,1863
746,2672
818,2023
1570,1887
147,1818
1366,1828
1303,2711
364,476
890,2249
1117,2965
616,697
867,2036
1051,2611
247,342
1143,1382
1884,2060
136,2460
592,1279
1475,1626
547,1802
173,1295
2284,2704
1278,1728
56,1649
1558,1782
971,2214
391,1639
1752,2779
408,1054
697,928
802,1210
671,1693
2467,2761
1216,1227
1639,1855
200,1061
286,1064
1865,2841
289,2530
53,2933
1863,1950
244,2006
268,377
534,2748
1542,2043
243,320
1089,1280
1825,1843
939,1750
2133,2484
135,1955
2068,2503
1175,1468
21,2055
4,2411
857,2061
595,2061
884,1935
946,2813
125,1883
536,2420
1026,2284
322,2168
889,1232
1307,1745
149,1193
577,1899
486,963
1642,2637
1862,2906
324,672
1581,2398
1686,2451
724,1545
763,2934
1193,2518
1228,1987
242,724
858,2942
428,1897
206,801
345,2128
502,1846
1992,2908
742,2767
566,2770
2209,2842
454,2300
1442,1946
643,2236
1204,2532
340,737
154,1550
978,2714
1048,1238
43,1682
2612,2737
645,1787
400,1956
1599,2280
255,1309
2085,2402
1598,2809
636,1149
2115,2281
781,1769
1225,2483
509,1081
1364,1595
643,1081
402,2904
2336,2694
1584,1598
2444,2456
308,2259
34,973
951,2365
484,1667
331,1159
1048,1251
2579,2802
1170,2668
82,1623
505,1726
550,974
173,2973
1823,2001
871,1554
1869,1888
2080,2337
115,2739
1601,2073
508,2145
1766,2406
1785,2648
609,2493
735,2309
251,1967
1337,2148
886,2212
1428,2532
256,2045
1505,1961
2291,2641
364,1578
2272,2399
725,803
1093,2956
279,753
1146,2553
1018,1321
1704,2063
116,466
1850,2117
702,2024
833,1275
215,2394
965,2892
1356,2548
563,2848
45,2922
1788,2141
817,1681
965,1616
1820,2130
803,1517
1281,2081
685,744
2543,2690
709,872
1106,2494
483,1283
655,1804
494,2869
1837,2420
672,2912
646,1691
245,2579
756,1334
1812,1838
544,1643
389,1806
248,598
641,2515
1233,2161
1110,1273
442,2800
259,2864
283,1235
601,2335
1850,2251
45,131
1368,2965
1605,2154
525,2690
1466,2490
2426,2532
217,2345
201,1812
856,989
204,834
658,2990
193,2136
129,2646
523,2765
297,2459
440,552
930,2631
1346,1526
1874,1911
571,712
2412,2489
1254,1937
684,2575
1601,1752
761,1775
587,2642
1143,2631
1683,2316
62,1774
186,1315
1107,1631
233,2824
567,1946
1064,2752
1492,1701
513,1417
2362,2789
1333,2876
1152,1818
680,2991
1977,2389
1328,1980
1051,1177
636,1901
443,540
680,1944
40,1089
2440,2564
977,1413
262,1138
480,2529
2075,2853
1388,1886
2408,2733
1076,2065
415,2319
609,1367
1834,2875
506,2437
743,2121
8,1672
908,1434
2130,2910
1696,2389
352,1152
1226,1716
1322,1653
439,1077
1156,1886
1703,2284
1240,2294
168,1745
1035,1596
100,564
312,743
1872,2470
1128,2992
1500,2369
2187,2747
303,2091
621,2666
1591,1706
1873,2587
1606,2243
78,2912
1650,2515
143,1055
1135,1840
1577,2939
2064,2303
830,975
36,2097
583,2266
2230,2457
2161,2357
1977,2536
385,1463
734,1617
87,1806
407,993
1723,2131
618,1442
895,2208
95,2569
1197,2960
292,639
335,1238
605,1099
686,2744
736,2336
1312,1449
1819,2714
1063,1913
2441,2468
66,2218
797,2208
527,2347
957,2160
57,2169
2717,2817
260,542
153,416
65,1764
2615,2769
555,1628
1258,2273
1841,2365
1557,2606
874,1115
514,2795
2599,2946
683,995
2395,2887
528,1646
161,2347
911,1155
1236,2901
1156,2383
879,1580
901,1339
660,755
2124,2774
1821,2773
2566,2661
11,80
2022,2497
1141,2748
1655,2969
1863,1952
1668,2679
1446,1583
1210,1572
2144,2379
1263,2630
1163,1460
1337,2579
1688,2099
1825,1845
390,1244
847,2917
152,1372
219,379
1578,2907
554,1123
2044,2148
1354,1701
1543,1637
2195,2317
1305,2977
2117,2663
1439,1516
902,1577
320,2353
1442,2982
27,2774
1476,1583
429,2525
21,1010
1432,1513
1478,1858
1362,1683
815,1019
156,2137
1231,2920
556,1061
134,1826
478,1370
1923,2918
362,1424
547,2409
1464,1815
526,1532
629,2707
1033,2302
1346,2762
315,2251
303,2951
1158,1479
1141,1835
1927,2744
536,2664
1026,2528
570,2248
958,1081
212,739
265,336
118,811
1902,2054
2259,2557
1970,2454
942,1194
1412,2577
1135,1774
1491,2870
1035,2590
512,1502
1040,1887
1614,1893
1498,1947
75,683
435,2975
1204,1500
402,2798
746,2608
1762,1993
2889,2966
1475,2488
506,2855
530,1263
208,1212
106,2921
417,568
2511,2525
928,1272
568,2952
1528,2765
1688,2717
339,648
123,1518
2425,2458
1924,2176
2504,2522
487,2734
285,533
942,1328
2230,2633
1598,2127
259,2732
192,1510
2803,2939
602,856
1228,1318
1040,2021
1353,2481
361,2864
586,767
455,2270
1291,2771
646,1572
1174,1957
97,2296
1220,1844
161,1234
696,2332
83,1580
451,1747
8,1177
703,2227
923,2496
606,2789
897,1275
325,2281
1435,1624
531,2386
1128,2376
2005,2649
219,2528
725,939
1728,2371
413,1347
1003,2115
466,944
1402,2615
500,1989
2293,2823
171,767
480,2276
714,1460
827,1337
421,2635
221,1527
1221,2459
238,713
54,892
386,1594
1870,2316
459,2109
1574,1796
1501,2449
2444,2847
2199,2262
974,2703
776,998
2598,2762
834,2400
1770,1856
842,1995
30,2605
1327,1515
2,2772
1516,2205
1848,2678
2753,2784
1080,2806
204,1186
569,1607
1422,1523
1224,1804
1162,2875
530,2110
1440,2331
430,482
266,788
519,968
38,2587
336,2015
1592,2873
690,2247
1020,2647
216,2593
343,2405
1234,2347
1072,2285
1500,2466
490,617
1959,2788
2936,2999
393,721
387,2367
1304,2527
309,727
999,1662
152,2958
1487,2914
2282,2623
2180,2612
1026,2704
1124,1815
1010,1942
922,1829
318,668
996,1549
1749,2281
338,2303
350,1374
2609,2910
799,2432
518,958
2092,2391
994,2873
2732,2980
1967,2625
140,517
1172,2650
141,1385
1137,1380
508,2081
2110,2115
1480,1719
12,2439
96,861
805,2075
311,2735
593,1667
643,1259
901,1783
925,2140
1431,2766
212,2204
120,1154
1245,1300
2525,2744
393,2252
135,1462
1537,2640
262,1274
2139,2708
1447,1663
1858,2466
461,2386
619,757
1025,2199
1042,1614
1892,2050
283,2794
2014,2713
792,2900
417,1562
1432,2294
1599,2471
107,582
2256,2475
1915,2182
79,520
2324,2875
32,2394
1618,1666
303,1396
494,2913
485,1144
717,2204
1056,1670
1049,2677
264,2636
873,2717
904,2030
360,883
1275,1448
770,2215
307,993
539,2548
1203,1545
1255,1735
1024,1048
1714,2020
762,1573
1202,1320
942,2443
675,2328
830,1219
754,2392
482,1933
1702,1902
1786,2539
160,2636
1392,2908
477,2986
260,2988
724,1402
612,2164
283,1171
1322,2031
573,2172
1359,2852
1479,2917
1432,1610
90,483
766,2752
119,955
843,986
645,2462
261,1533
1133,1233
2215,2958
119,2123
17,126
1087,2514
1427,2619
16,2641
1077,1274
2386,2961
1348,1508
1293,1572
1633,1906
1566,2670
1008,2342
541,661
195,2239
128,1017
2445,2494
1548,2966
1567,2979
808,2173
1,2373
1157,2098
83,2937
360,1259
1363,1937
993,2340
444,849
673,2658
1601,1930
572,1300
358,782
1402,1986
36,2488
220,848
138,1947
2586,2675
97,633
454,1136
990,1116
443,489
59,1775
1195,1548
136,2961
1738,2995
1975,2908
707,1730
1032,2052
89,1388
519,2433
579,2484
374,1557
1473,2926
575,1547
914,1013
624,2900
882,1438
171,2137
959,1658
2029,2097
1740,1994
397,1891
2140,2342
2222,2677
145,1855
771,2546
1958,2338
134,1962
2444,2460
1602,1885
129,275
227,1335
410,1227
2249,2406
535,2656
1094,2354
1377,1659
630,2893
580,1086
437,2269
165,578
571,1266
1753,1946
1009,2660
806,1843
1945,2116
2474,2874
1168,2195
1333,2262
237,1807
1030,1672
1183,1914
1417,1852
529,1161
553,1518
1389,2019
1320,2185
2590,2941
129,1456
1521,1909
595,697
978,2155
1563,2845
1404,2034
1901,2840
674,2683
2358,2527
1573,2486
804,992
1160,2842
1241,1747
1493,1968
2241,2356
787,2745
1002,2670
1671,2011
2,1243
143,2414
511,1349
1158,2917
426,2968
130,1923
586,1937
1582,2427
651,1100
2960,2982
952,2031
138,1289
354,1816
1498,2433
249,2288
9,2572
699,2753
231,433
2053,2951
509,643
1082,2262
844,2619
534,1868
1857,2487
663,2278
1017,2510
950,1288
29,2635
232,779
271,2168
256,2304
797,2628
1759,1807
361,1014
1185,1986
1202,1401
821,2692
1261,1981
688,2348
1684,2572
1582,2790
173,2656
1224,2853
76,2723
559,1645
43,331
318,2522
1611,2215
297,369
216,1427
85,678
1384,2172
30,2728
1358,2937
7,1024
996,1538
371,2240
221,724
123,2138
1523,2223
153,2017
1114,2698
71,2887
790,1554
296,1019
1512,2973
1676,2172
1037,2185
1988,2444
85,1738
542,1425
1182,2051
574,1148
300,2831
603,2603
2011,2283
651,2536
1569,2581
719,2670
1350,1490
1046,2247
1612,2924
564,2015
100,2783
279,799
568,673
246,622
53,2442
992,2132
1861,2581
1360,2299
147,1811
1019,1777
172,1346
2071,2576
1317,2602
598,1868
1286,2242
52,2863
1245,1423
118,184
1303,2825
514,1847
557,2217
1336,1955
1064,1496
45,2042
790,2159
1256,1437
941,2328
249,1283
662,698
827,1031
1,2938
2566,2760
704,1863
1540,2364
2414,2928
1314,2546
2568,2577
959,2089
639,2673
2504,2821
1277,2664
1482,1901
2072,2898
2710,2926
514,921
104,2514
603,1932
1728,2307
931,980
515,2462
1530,2965
227,1537
2146,2416
2115,2837
742,2397
630,1927
168,1307
1682,2726
2895,2948
706,2151
959,2331
1776,2324
778,1007
466,1940
10,906
2749,2830
398,2708
346,2518
415,2123
1571,1811
284,1411
559,1579
442,765
813,2169
491,2118
212,717
735,758
1929,2953
532,2644
726,2924
1142,2573
1252,2970
1560,2857
949,2932
7,2944
1751,2802
734,2226
359,888
845,2996
1715,2098
266,845
524,1369
1040,2454
126,2491
1819,2155
258,2647
1254,1888
128,2308
152,2665
804,2591
191,2593
358,2770
521,2239
2047,2921
371,1248
548,2076
1291,2157
1678,2337
1043,1826
479,1195
85,1793
1941,2158
119,394
2606,2777
1412,2568
175,1723
1880,2407
1535,2638
93,112
2333,2389
395,2894
2222,2558
997,2999
1021,1370
410,1216
1753,2982
982,1415
481,1096
1076,2245
2104,2687
411,808
1085,1247
629,2953
1045,1848
274,2496
545,2959
1314,2009
6,1927
405,2427
441,2084
1384,2482
1272,2012
360,2913
902,1018
109,335
1697,1895
16,2093
382,1625
661,811
645,2264
1023,1658
591,981
1780,2832
1112,1915
753,2965
935,2713
1706,1836
1540,2069
638,1214
639,2836
1332,2534
854,2266
1098,2892
1473,2015
1524,2475
1137,1800
113,2268
746,1915
2100,2113
1427,2542
1265,2480
2349,2817
1430,2547
1435,2891
76,134
1077,2954
399,1053
1536,2714
2854,2989
1565,1954
1553,2654
1367,1444
2793,2979
69,2575
1179,1918
1590,2950
210,2285
554,2095
659,1394
910,976
2441,2527
194,1294
1720,2013
1657,1664
2758,2877
657,1698
896,1980
1054,1105
1621,2384
1683,1838
2135,2605
902,2441
604,761
867,1400
1653,2080
101,2126
1059,1341
61,2993
246,1992
958,1932
646,879
1298,2791
79,2000
294,1888
867,1521
249,425
784,1752
549,2114
468,994
354,1121
2410,2594
94,2473
1026,2453
2377,2905
1492,1694
432,1485
1040,1570
1358,1879
2337,2725
301,2170
772,1755
1918,2741
111,2009
2025,2315
545,1483
1493,2225
109,2350
887,2415
88,1244
107,1257
652,1057
1166,2998
753,1368
357,1139
114,1381
582,1257
1029,1717
1199,2394
79,148
1135,2867
579,2420
1688,2521
2257,2449
1054,2649
469,1730
83,2189
88,2304
2306,2570
2287,2328
1970,2392
2140,2278
1001,2759
2313,2731
310,1858
456,1158
1259,2236
1159,2298
1383,1777
156,1391
1778,2572
147,1571
621,2659
222,2913
698,893
435,1974
2180,2737
2037,2688
103,1915
1121,1898
1238,1251
2485,2555
601,1899
694,2090
198,2677
208,1150
698,1014
1345,2582
92,1204
1933,2981
859,1605
377,1336
134,2140
760,2831
2028,2989
421,1150
522,1202
651,1841
307,1802
267,2898
2090,2820
1136,2300
1167,1613
544,2388
325,809
579,1857
1019,2129
1912,2935
719,1867
137,465
975,1564
2418,2743
801,2845
1506,2368
267,925
661,2276
1296,2558
86,1816
2061,2361
197,2815
1826,2723
293,833
1146,2735
91,884
2812,2939
470,880
2127,2836
2039,2952
113,350
1986,2308
1043,1681
1568,2320
1504,2830
1483,1724
1135,2438
2301,2585
2807,2945
315,1881
368,2976
1178,2256
228,2407
152,1365
724,1527
1107,2497
938,1227
1105,1404
187,2756
268,1661
1239,1340
1368,1979
614,1517
504,1645
533,2346
650,2931
615,2415
802,2507
2005,2721
2707,2727
1433,2266
39,2898
1073,1694
990,1925
1666,2208
1060,2398
74,1135
764,2107
1832,2914
550,835
713,2290
358,1833
2297,2721
1746,2847
299,2421
2489,2891
381,2719
2060,2219
962,1947
666,2888
1436,2806
2308,2964
2435,2776
513,1828
415,2488
318,2821
2379,2615
1887,2678
774,1374
39,925
64,2675
1127,2172
1512,1983
278,2375
2151,2909
1480,2704
1703,2453
1192,1483
1658,2976
183,2488
302,1685
2387,2856
1358,2189
654,2073
2433,2972
1301,1426
325,2837
922,2827
311,2902
275,1030
187,1146
1617,1891
429,2894
770,2958
135,2447
723,2883
385,2329
1666,2463
933,1380
2027,2405
301,2601
363,1264
276,2019
23,2327
496,2022
1942,2977
1565,2761
524,808
534,1496
314,1752
2689,2911
48,61
1754,2404
124,2271
647,2312
1791,2700
1025,1211
381,880
372,1326
697,857
1387,1829
1878,2066
1296,2842
1896,2349
447,1621
25,2386
1596,2316
763,1332
2778,2996
594,2048
449,1401
1593,1789
1276,1853
2337,2701
305,1393
1265,1435
577,1586
229,2566
1896,2470
650,1805
975,1861
1188,2908
1797,1969
265,1176
1589,2434
1897,2550
121,1168
231,2760
389,1922
420,1235
1729,1956
908,2221
1749,2837
801,1866
1446,2799
112,2287
1232,2318
74,1766
1041,2750
1820,2717
2288,2593
1128,1443
340,2639
183,1938
1141,1641
1489,2324
295,2115
1253,1559
599,2755
1882,2255
1476,2799
2088,2360
283,1472
2816,2833
634,763
1845,2373
2452,2556
542,945
750,1877
266,2996
799,1244
957,2584
1531,2856
165,2126
433,1123
317,948
945,2237
1225,2520
1751,1812
677,2688
935,997
501,1937
133,1541
644,2245
38,2472
387,2589
898,1344
425,666
2076,2548
634,1005
694,790
1490,1929
2116,2620
361,2078
139,1965
2062,2091
2151,2843
614,1706
165,2368
1845,2736
369,1380
95,2309
432,911
2013,2091
189,1678
1278,2396
1739,2754
1548,1991
214,2903
766,1430
1019,1647
1805,2290
872,2122
507,1206
1904,2040
2093,2464
141,331
270,741
215,805
464,957
366,1617
545,1848
772,844
1048,1422
1151,2826
292,2836
1237,1846
1178,2700
144,457
421,1031
997,2359
121,2954
677,2943
1718,1890
1878,1879
508,919
2034,2392
592,2310
349,2323
189,873
459,2720
1722,2534
2239,2272
608,2025
744,2852
2008,2339
380,2841
872,1317
256,1048
82,1686
1157,1715
2622,2912
1044,1774
1951,2478
1068,2131
483,1212
137,2790
560,2893
187,2153
768,1610
171,1391
313,1969
900,1271
161,2100
2303,2822
1556,2070
2394,2940
253,871
196,2094
440,2683
2740,2796
248,1695
282,2511
158,2741
1672,2137
35,1587
398,1410
814,1325
781,1148
1151,1913
1535,2024
963,1798
1125,1631
1620,1839
1398,2958
1713,2030
1026,1100
513,2501
931,2260
2438,2700
916,2625
2258,2769
632,2866
2418,2758
241,2981
1359,1919
736,2694
2742,2818
1396,2215
2079,2245
2102,2377
1037,2807
1675,2835
739,1164
1835,2787
73,1303
1995,2251
1147,1632
1054,1404
1602,2441
1029,2808
320,2119
2152,2844
1716,2728
155,1005
1208,1992
1373,2325
1600,2782
784,1930
884,885
510,2630
1069,2099
314,1257
1105,1756
1680,1987
491,1075
931,1576
114,1088
626,2697
1801,2398
1259,2869
35,1963
79,1481
2197,2600
523,963
2452,2624
311,326
455,1768
42,2124
632,1135
680,1886
1213,2349
1834,2696
827,2579
376,428
651,2582
1680,2229
330,955
113,2943
1164,2578
863,1189
1294,1641
81,1153
1576,2522
330,2123
1170,1605
1371,1595
1414,2231
1362,1812
2074,2506
498,1212
1580,2937
661,681
836,1436
1844,2458
2018,2345
731,1127
280,437
624,2196
278,1559
1045,1731
32,1274
591,972
1343,2822
1200,2773
1451,2355
1344,1475
645,2147
273,2504
516,1444
640,2971
2429,2572
60,181
1214,2011
317,1500
177,702
1515,2124
264,2576
878,2735
102,299
776,2953
1244,2304
1607,2356
1748,2066
1192,1848
669,1578
445,638
205,1151
716,872
519,1984
19,2866
917,2030
1827,2480
927,2489
1505,2200
187,235
625,1629
1249,1722
480,982
1889,2311
1240,1902
306,2815
1560,1843
641,1573
202,2169
1589,2315
424,821
1947,2023
2130,2410
597,2735
1423,2548
1557,2777
1395,2715
646,870
363,1750
485,1447
547,2325
72,783
679,1986
1115,2782
1622,1795
1037,2862
753,1117
870,1702
1039,2908
98,2125
394,955
571,588
1961,2200
1262,1933
3,2238
1634,2973
2781,2878
1332,1854
2385,2649
1184,1461
377,1661
270,1535
705,1463
1418,2567
24,1250
356,1723
1230,2516
218,2247
823,1869
601,1527
1340,2095
27,1898
901,2691
605,1646
1930,2863
339,443
1383,1647
498,2193
484,2295
1456,2162
2314,2422
1430,2927
1251,1878
1894,2738
77,2550
633,1721
2899,2967
1450,1943
209,1659
271,322
1270,2278
1082,2981
373,1501
13,1195
278,2661
1011,2283
1772,2933
1104,2245
2509,2674
52,628
1626,2061
2498,2515
954,2422
131,1860
1536,2289
2314,2556
1202,2120
596,2835
692,2543
1098,1770
432,1155
815,2613
603,2730
2287,2574
234,389
1120,2431
1703,2523
235,991
1465,2880
818,1083
2157,2464
720,2497
1489,1776
2778,2811
573,986
2560,2854
2078,2585
1126,2367
479,570
1145,2380
126,711
833,1327
1717,2808
179,574
222,1173
1182,1252
166,1278
80,1763
417,631
694,1397
766,2734
1050,2493
1437,1707
2266,2757
1006,2194
11,1111
779,2380
1555,1847
40,2751
1158,2147
53,475
920,2275
830,1564
845,2855
1077,2195
202,948
548,1356
1098,2254
172,2762
951,1975
526,1045
1694,1790
59,2333
18,80
243,2642
401,1050
406,1357
268,1652
1949,2016
1546,2794
680,1633
766,882
2376,2992
2684,2879
1452,2378
163,1343
772,2619
206,1713
2494,2718
176,1053
367,2570
1721,2539
243,2763
1921,2304
350,2108
787,1880
2445,2718
891,1937
1957,2900
2282,2431
475,1995
1478,2673
736,1999
641,715
802,1572
169,905
696,1590
16,1831
1948,2972
168,387
176,2463
1998,2500
291,2938
888,2699
356,852
879,2879
1493,2513
414,1059
1030,1062
591,1658
849,1953
793,826
1425,2988
1475,2351
2072,2341
259,1306
1002,1121
752,2636
470,1489
55,2967
499,500
2845,2907
479,2248
501,2007
129,149
1111,2461
362,2831
155,323
1359,1479
1555,2357
1517,1836
436,1733
303,2372
272,844
1764,2467
1202,2175
154,2020
1138,2419
2232,2986
1916,2457
1761,2583
1940,2814
515,2147
904,1959
1773,2408
1847,2357
1597,1657
88,390
1624,2285
1051,2652
805,1199
524,920
519,2562
2525,2686
2074,2750
16,2436
2502,2968
563,2605
1144,2062
688,1028
736,2267
328,2213
627,1543
226,2431
302,992
1028,1621
2191,2517
2043,2124
2163,2455
93,589
213,1445
1173,1487
1042,2953
169,584
248,1631
1189,1431
2373,2938
313,1797
1755,1842
953,2386
72,422
1283,2786
1935,2712
33,696
502,1403
233,461
1169,2886
745,1804
1765,2422
1233,1329
1878,2299
264,2928
954,1914
695,936
1500,1858
359,1741
870,1691
1544,1901
1466,2247
1342,2669
1889,2313
789,1739
2045,2597
193,2351
607,944
1731,1848
1330,2736
1156,1388
1231,2959
1845,2364
1220,2083
1533,2543
1822,2380
2254,2828
1519,2379
2322,2474
238,2925
1267,1340
625,1873
895,1468
979,2105
1091,1114
1958,2951
628,1124
1675,1845
737,1525
1017,1350
2378,2490
1075,1520
1065,2266
1151,1286
447,1170
750,942
797,1468
177,262
2105,2947
133,1653
489,2749
782,1833
847,996
1143,2041
962,2932
2344,2963
13,1773
219,1841
551,1119
630,1412
874,1543
712,1481
1305,2224
1589,1754
1036,1053
338,2179
1076,1354
1680,2286
418,1125
1094,2162
1135,1934
2183,2614
283,2657
1938,2029
31,1618
2701,2725
1727,2748
1439,2052
601,724
211,1441
832,1788
1871,2914
195,450
1000,1601
1289,1475
1418,1885
184,557
701,2473
2442,2851
1165,2055
229,2141
566,972
528,2666
266,2437
383,1790
1928,2751
251,853
690,1452
75,856
66,807
1373,2879
996,1909
204,1680
2143,2531
737,2143
718,1901
1378,2176
588,1791
254,2440
1727,1835
1630,2131
1310,2715
190,469
205,2255
384,1503
1652,1661
1621,2082
762,2846
104,402
1931,2244
2340,2937
1648,1892
2021,2174
1386,1663
653,2566
97,362
289,303
591,2331
6,1412
534,1568
706,2843
1012,2095
330,1509
461,531
2219,2768
452,711
223,888
23,534
1100,1161
1141,1687
308,2918
289,2639
1044,1791
428,1522
1843,2373
234,1922
1834,2324
1722,1854
2642,2763
1928,1959
59,349
61,947
715,1471
730,2274
680,2682
897,1448
2125,2244
165,1004
1932,2603
1756,1852
99,421
2096,2940
2073,2956
2417,2766
710,1743
937,2688
928,2868
1432,2667
1633,1903
618,1925
348,2064
243,550
1540,1675
146,883
906,1803
316,540
765,2352
751,2454
267,2341
2311,2491
1723,2964
524,2411
1439,1744
458,2057
399,2645
210,2480
786,1593
2188,2771
1159,2104
77,150
1097,1226
942,1877
249,2593
921,2168
1597,2222
462,607
744,1488
580,828
1791,2438
480,1415
198,268
1180,2055
2618,2890
550,1888
1140,2922
739,2578
496,605
1466,1860
314,2779
1360,1878
964,1878
38,2881
864,2465
1258,1830
937,2943
728,2015
1231,2343
295,2658
78,1906
1387,2627
1024,1784
1404,2005
258,2776
1657,2222
679,2769
1983,2621
26,2389
437,1206
461,2546
492,1896
1999,2336
607,1617
75,561
159,1198
644,2667
1461,2926
561,683
113,2250
777,1247
1596,1838
842,1376
1033,2893
2813,2970
220,1329
311,922
1620,1643
35,1512
1470,2638
733,1325
2190,2927
94,2092
30,2336
2238,2860
727,2944
1938,2339
563,1789
568,1904
129,285
516,1448
563,2728
296,2613
218,2922
745,2853
266,2855
870,1572
1334,2201
231,1585
398,530
2891,2987
948,2660
241,2798
2247,2922
297,1158
634,2729
1241,2912
1430,1616
1421,1796
1968,2194
2132,2302
2003,2188
979,1865
765,1347
460,2963
1594,2663
1188,1975
2084,2527
1536,1904
1880,2202
2138,2763
1,1136
2189,2957
346,353
1483,2014
805,2853
1093,2502
592,759
898,2263
819,1741
576,1983
1145,1874
1573,2846
1191,2515
676,2335
2269,2549
2002,2205
1587,1963
1821,1901
1110,2792
50,2583
1622,1691
627,874
1470,2317
1692,2393
2390,2960
946,2051
15,2481
1154,2754
856,1111
909,2923
981,2274
568,2630
924,1245
1756,2041
1575,1737
140,2597
840,2271
2196,2313
783,1242
2068,2801
1376,1756
562,1014
2079,2667
384,2176
1621,2755
1096,2870
1564,2221
1549,2852
1205,2813
1110,1758
2223,2796
1051,2346
471,1771
1118,1353
1574,2387
1584,2809
2497,2547
1382,2631
1826,2342
915,1933
906,2113
397,546
1241,2591
917,1713
1870,2570
239,337
1446,2471
2602,2950
1224,2166
1265,2167
255,2533
79,1553
244,1620
1106,1127
696,963
539,1245
1492,2065
1609,2650
1488,2589
2393,2732
815,1557
159,206
197,232
1015,1359
1476,2471
187,1207
410,2676
439,1199
1244,2350
1004,2368
1716,2345
1344,2702
1771,2806
345,453
231,2566
1093,2073
2355,2682
1987,2286
2412,2987
423,1046
467,2550
1250,1727
1931,2125
155,2729
201,1613
874,2150
543,2545
1099,2497
1856,2705
60,590
1794,2241
1851,2546
1894,1950
2544,2998
2086,2120
324,2622
1724,2936
2027,2708
1453,2887
1250,2787
1043,2723
640,1286
1894,2071
973,1203
541,2741
828,2505
296,2910
1060,1091
826,1678
342,2797
1046,1452
378,764
166,2571
197,1884
505,2037
1116,1925
2356,2775
518,2730
626,1509
874,1345
1163,1219
1211,2199
1185,2964
233,531
1697,2321
97,1424
2072,2198
635,2268
1452,2490
43,141
189,2410
789,1917
815,886
123,2056
1429,2506
223,2408
1682,1905
450,1175
71,2805
715,2641
1232,2379
2522,2821
328,660
359,764
1589,2616
825,1466
412,1822
1413,2390
482,2295
180,1930
741,2226
1008,2341
118,557
730,1579
1126,1579
1857,2552
1392,2452
1108,2693
1574,2200
1631,2734
1107,2734
747,2162
1260,1515
778,1246
1908,2719
1003,1364
574,1187
947,2452
1244,1921
430,1933
1796,2434
1809,2632
1330,2109
294,1254
681,1700
874,1600
1082,2798
125,2236
1158,1359
1517,1706
383,2531
474,1895
1526,2923
1777,2276
237,1659
495,1954
463,2645
1399,2855
327,1552
108,727
404,1543
667,2411
1093,1765
1614,2928
1354,2065
273,1208
1300,2997
1790,2861
1972,2343
350,2596
818,1947
1649,2104
429,674
952,2701
2141,2566
1466,2922
838,1367
289,2091
1799,2802
491,2720
45,913
1719,2284
2321,2618
2680,2736
405,438
1726,2179
1285,1948
457,2025
617,1260
728,2259
260,464
1046,1373
741,2723
2573,2731
2375,2746
790,2090
463,1732
521,1673
2002,2878
326,1434
407,2325
1711,2177
1766,2867
723,2073
282,2559
1338,2834
1990,2531
241,1740
1736,2880
1120,2611
347,1907
1660,1838
2105,2454
2086,2175
890,1368
394,2921
1125,1908
2049,2293
2406,2567
1551,1787
83,2507
67,1745
1882,2826
424,1982
1182,2600
566,2331
1889,2196
10,2113
139,2752
829,984
861,936
1114,1153
558,1689
1841,2421
194,1641
1250,1687
1511,1957
1105,2501
2021,2473
1107,2547
479,2978
714,1569
1244,2552
1397,1562
1245,1959
295,2110
909,1744
1379,1693
348,1182
1091,1226
433,768
1052,2732
1867,1898
260,2237
1139,1159
597,876
2336,2605
2281,2669
283,420
149,2177
1888,2186
116,2000
121,2344
145,715
158,1179
516,2873
964,2740
1953,2022
643,1113
736,2058
767,1408
1555,2161
1622,1922
1792,2370
465,2009
186,608
998,2738
43,2545
889,1519
555,2168
1033,2695
1074,2238
332,1601
1536,2040
2028,2731
1938,2020
1067,2464
974,2007
1152,2279
119,675
1234,2348
1619,2684
638,1011
595,2361
928,2012
461,1314
1477,2456
1733,2153
1294,2749
115,1845
120,1960
720,1430
735,2233
2416,2560
690,2490
1175,2239
573,1676
1581,2698
2388,2498
13,2248
1455,2293
639,1478
1501,2934
556,1709
368,1658
554,616
108,1024
796,2593
1125,1371
1021,2711
68,1396
981,1592
766,1438
1261,1417
710,2297
930,2300
1979,2865
418,1371
1085,2588
92,2369
606,2590
176,562
314,755
899,1674
1291,2464
1630,1893
2025,2917
2798,2904
236,1101
695,861
813,853
964,1251
50,1325
1714,2008
1553,2814
2554,2628
71,1155
1437,2639
1514,2068
1808,2286
438,1851
257,2971
123,527
1747,2535
1248,2888
1623,2011
1974,2992
313,2085
31,2924
98,1931
1144,2013
1424,2296
369,933
682,1393
169,1811
377,2743
143,2576
1411,1539
2149,2471
158,1918
474,1629
508,2445
1124,1253
1566,1598
34,2791
1347,2951
275,1456
877,1790
1911,2535
1374,2596
1985,2484
561,995
778,1932
298,2463
370,1814
1454,2151
1128,2432
907,2692
261,1534
1735,1797
1377,2089
620,649
1260,1275
28,774
631,1976
1175,2628
553,2056
448,2528
864,2214
2679,2770
1207,2553
1969,2085
2686,2894
511,1766
2066,2957
1689,2970
135,2418
964,1748
1502,2097
22,1494
1625,2662
1799,2549
780,2341
126,1551
2507,2555
1003,1595
1376,2631
2730,2829
2136,2319
1540,2739
1051,2282
803,1951
1763,1993
429,1710
587,835
1117,1818
950,2644
1034,1820
32,1027
176,254
341,550
1903,2912
2171,2434
1357,1692
894,1702
368,1592
1435,2285
108,2944
156,1672
1309,1651
1388,1944
808,1369
503,2948
121,439
711,1665
504,2126
