x,y,node_ID
0.7382094756394584,0.1591783559959321,0
0.5394389216976533,0.8560315179199913,1
0.8720740915184771,0.5891465507425314,2
0.046819184267824276,0.16049291720683534,3
0.1474543489200072,0.019634885116334044,4
0.46846463353339884,0.7345002879405693,5
0.6942576882730157,0.43501241781954525,6
0.44575816348829855,0.42229569862068905,7
0.7844375750754397,0.8584294476015297,8
0.8124483275052197,0.8221985413027935,9
0.4289600968065457,0.8019089739560252,10
0.3791532833285103,0.9064191433590303,11
0.7117847798272834,0.7376811998895428,12
0.8214730196609494,0.5849929437721315,13
0.100858177630758,0.4358779459224188,14
0.2988304098494724,0.8655632076596056,15
0.016217274435540885,0.5267294436485332,16
0.7595072939610326,0.26946798218216395,17
0.36355447309551925,0.3160011391397384,18
0.02434203532996093,0.06997822073919069,19
0.2091292692738267,0.7865757715372901,20
0.414043581809168,0.04933944200534379,21
0.11627769292112178,0.4887026982631397,22
0.4464932264206044,0.22098709807761308,23
0.422796391773413,0.9781787803366216,24
0.7333066895967217,0.3517076129263581,25
0.8122024767317767,0.8324958106817519,26
0.8666327348955949,0.5806801404572741,27
0.002482792538475609,0.22689252116417302,28
0.36717807162002647,0.6684915057264877,29
0.549611213384094,0.8410142171285897,30
0.24779934919267865,0.2873755029026972,31
0.040570107457109095,0.7584514497452938,32
0.05448483340812782,0.9541599009336926,33
0.6979688742410581,0.40977460059499016,34
0.3145133963103416,0.4279371415698956,35
0.41304904407351584,0.4663391227942203,36
0.5069805776826675,0.1321416576013391,37
0.6428174639968514,0.9891324978177182,38
0.2680183026835563,0.12781176648728387,39
0.12398895258499565,0.2680985101565263,40
0.5162198199947138,0.08505281862902181,41
0.9209814375979832,0.8023836590361304,42
0.8823709148990078,0.4979571281307619,43
0.9579385712206663,0.34342240750381603,44
0.8478516675942425,0.8735373912696234,45
0.5357405962928975,0.44944553313249225,46
0.6142869008076751,0.7133123975805429,47
0.7235445268781552,0.5094287899530837,48
0.5996162443670198,0.06005531861008173,49
0.04020469219643685,0.5289574550820629,50
0.7386417975478846,0.8333919926188631,51
0.7055472947018588,0.7462844896806855,52
0.675097463217216,0.4709507745528321,53
0.5407180532006163,0.14227067614797606,54
0.5366802273186544,0.8839168364396318,55
0.7714149207641466,0.8962087954275318,56
0.6716108930523473,0.07868539762279358,57
0.29305111343993595,0.9677063606079174,58
0.017699440123103982,0.5682444744959462,59
0.5990971694751529,0.4990750417776951,60
0.07508972289717863,0.06907930724705968,61
0.006845367485866838,0.06099273323646448,62
0.3028446991626814,0.3887865369355833,63
0.33504004627468964,0.4848596812103001,64
0.297566133089171,0.21931333166728295,65
0.45648025950402893,0.014357980491116917,66
0.43768378457238133,0.6173146847024392,67
0.3589106318092985,0.5043149916790973,68
0.2909819955170265,0.7368168053326595,69
0.12805338640375408,0.8329341034896661,70
0.03187094961066239,0.45688887452646965,71
0.4406481981421658,0.8734157833376053,72
0.004082175228278251,0.2192315271465014,73
0.8957455795879682,0.07809920469999554,74
0.06025214631286013,0.0970759799404105,75
0.7998009340451316,0.2142901087097695,76
0.9899432716681658,0.9188325704003452,77
0.9644613423176455,0.4927293057414348,78
0.4714482180189046,0.331819585057784,79
0.9028921181217342,0.12671807946050728,80
0.23714666477951274,0.9072832909647933,81
0.16800706035734003,0.7404981815031357,82
0.2086153149847395,0.2977719324357916,83
0.1931481267301468,0.929309882496531,84
0.6278732754992228,0.3513252543236961,85
0.9708378122664064,0.6067541879563629,86
0.26317848162453594,0.033741883548062734,87
0.9589899517248606,0.7845842066262827,88
0.7921613895559383,0.3688718039902589,89
0.7966609566084166,0.05412660306685846,90
0.5685058155605476,0.1732339418683274,91
0.017006575396621648,0.6201807621714566,92
0.18415410716302005,0.48271897318563095,93
0.5681761655439567,0.3603263836028143,94
0.3201817165430437,0.7582785409941453,95
0.45149689471806986,0.7638847964971222,96
0.5161876269833295,0.16536162677677146,97
0.48369446633429003,0.43127791519830605,98
0.8788388555032272,0.22744836735619722,99
0.6918960181874968,0.8121740763835176,100
0.7595716035371393,0.9271153649838683,101
0.11697691058659332,0.8607716705489531,102
0.5760991771472628,0.18926096083642785,103
0.16205989138411503,0.3210608127943555,104
0.9278947729886586,0.5233017528103772,105
0.2796259655995582,0.49428838242139805,106
0.5312598882741861,0.49562667541612404,107
0.21811721947658425,0.03564334988972939,108
0.36572357590040494,0.9386002318566274,109
0.0012019676028856008,0.549206681758686,110
0.5250994408917815,0.5023974719241914,111
0.8925667133978229,0.7934713391297046,112
0.06152781548279451,0.1866403751115817,113
0.9331147795362731,0.21336644272621808,114
0.6301241307346989,0.388466705355204,115
0.9562499766060611,0.34625589003717583,116
0.29755513296274705,0.8858087652630091,117
0.5540410565124486,0.11466600345514888,118
0.316857659659586,0.6618441491627386,119
0.20154405291286137,0.5595164373286438,120
0.055388802178320096,0.17933941394338804,121
0.4401584685242965,0.830647308054549,122
0.6342815666470124,0.47717993852473906,123
0.5271883254287087,0.7561741136102152,124
0.32115671392823986,0.0558747479893108,125
0.40917523718705395,0.4231525987985696,126
0.5028763020950595,0.5922582502551028,127
0.8437247050316482,0.09046510652871842,128
0.6922136798309778,0.7156722759530603,129
0.20106537671046254,0.8682289383053584,130
0.5825833787651225,0.8698096783063284,131
0.5501147079266755,0.10348691133949328,132
0.693909127582175,0.6507902385551984,133
0.903949029797451,0.39116440598105073,134
0.570532240343499,0.7773440663973947,135
0.1517965696978889,0.15794145656807523,136
0.5925882165189881,0.18358836456185534,137
0.9224896716077887,0.399689935076437,138
0.00791697265741298,0.41209838503376084,139
0.4727411927971161,0.45143835843692004,140
0.24606499512807645,0.716065565056807,141
0.3203696622915322,0.37126508895121135,142
0.9478815353362681,0.11655876052929404,143
0.6571572844033893,0.7136741507449372,144
0.22674465592657544,0.5840545117035134,145
0.6191384857587743,0.6774929528993817,146
0.6046901954383984,0.5014607267309418,147
0.8272861439495324,0.4765528506439465,148
0.5698788839948767,0.12990216019380063,149
0.8862888506305421,0.04548950612396563,150
0.8457625204971372,0.02437016513779955,151
0.8438578191436995,0.9323910363492508,152
0.6295181899513429,0.4545306596754126,153
0.1383802016312945,0.4628733636753317,154
0.06407076495401354,0.6840308749649596,155
0.3854929155196085,0.6979126032949562,156
0.7621599074777076,0.5358432556735768,157
0.5773180964583606,0.7479582275852129,158
0.9971612620286764,0.653970397945753,159
0.4417867913427437,0.7515970773940792,160
0.09991531197895476,0.9611538332145103,161
0.8110820533503831,0.5122753641858494,162
0.9754049771070361,0.9662556813969764,163
0.7434451307898907,0.06858188909687113,164
0.996677760071967,0.5902777910268258,165
0.176419053236749,0.948713739351115,166
0.7339721429353728,0.3910263572182102,167
0.13307486630720422,0.017784947920905014,168
0.47526355222755556,0.7751124697403994,169
0.5888430691360516,0.08235225504667942,170
0.7315580146399383,0.09600659064133177,171
0.3213027600930062,0.15553885801342393,172
0.8152470212600413,0.4999904229616331,173
0.6268934806489029,0.7631595928642122,174
0.4840274285995172,0.11397913168724916,175
0.7737159381270807,0.8125714203415361,176
0.9622604261391831,0.3619756468163001,177
0.9443673076645752,0.8486884310905487,178
0.5210750734780464,0.8154222063449302,179
0.05571277441022837,0.1954676528140561,180
0.6663716868918778,0.9615116966991301,181
0.06842080247149618,0.9224638721573134,182
0.6390369949395366,0.23211991783445673,183
0.8686832471770211,0.7163720660726101,184
0.06226816998465645,0.47621111544037564,185
0.3931117976471853,0.8290314193240116,186
0.5504628852197588,0.48075354343857624,187
0.7658216559607006,0.582148879823765,188
0.10370041859285006,0.3870261189775859,189
0.385365376093733,0.04350624070758269,190
0.565328453996954,0.045610726160587145,191
0.9778448542511704,0.6496310622904519,192
0.9332636780189089,0.878295002261321,193
0.09995779447402475,0.8171095166079145,194
0.2199890972747729,0.26604927273103063,195
0.7022228631714402,0.9519561314149493,196
0.1751011848836418,0.3701318781173132,197
0.06955577544698222,0.6798859900924996,198
0.40646089805595276,0.1632107684109133,199
0.14401177759514927,0.6315066328230596,200
0.4924966007904811,0.3915573909104493,201
0.9213356973550818,0.22887051114636503,202
0.02071162882607369,0.6525899271841691,203
0.2771188023644341,0.3157634109846422,204
0.26117500769791324,0.7594720151748637,205
0.8409420101658799,0.8839841154024728,206
0.0008262950077182474,0.9504508688604003,207
0.5554060576811493,0.17506573521284519,208
0.6405353546680441,0.8547721059309606,209
0.9692535010734813,0.9656787985507952,210
0.5280606461490824,0.4942830671568721,211
0.1315708692037788,0.35280252150819125,212
0.47334454078804,0.014285932442111293,213
0.20468125186988906,0.8945721555638548,214
0.6451583265470556,0.4433753737487338,215
0.23093797960959728,0.9252057928176115,216
0.3183340931699309,0.32693593225477946,217
0.12006172202379317,0.06851789856876411,218
0.3116845610092296,0.24197661699425266,219
0.3176820739566353,0.09963507220707513,220
0.9097806405082437,0.6618329933002429,221
0.3427292409973217,0.7168414424931746,222
0.447059023624084,0.07155169718453702,223
0.519382435671872,0.027190219126694393,224
0.3124808900298668,0.8450232619605504,225
0.7996977462876816,0.7105688982525987,226
0.38812243956142756,0.6894793455930386,227
0.2963348972887061,0.761061637328413,228
0.9291301171639648,0.7740738016056846,229
0.16064270445974815,0.01769635388444013,230
0.18838425959673888,0.6148790381131719,231
0.9770881718728349,0.2213251360893591,232
0.7631674528368033,0.6521018050760422,233
0.9715534536313162,0.6984822567201678,234
0.11329386878062087,0.015765559640695814,235
0.826334856402021,0.7183412119420053,236
0.3257653723319034,0.3305783323776462,237
0.36837007003747546,0.30279400476312346,238
0.9994925150274931,0.07329657553209945,239
0.8026213162783081,0.10393848751225554,240
0.03448799506334499,0.13163923550699175,241
0.3314784971192044,0.555568026598758,242
0.6457046967932306,0.46116767408445913,243
0.40261514249653974,0.3055771962821797,244
0.4178784584349212,0.8902783839806453,245
0.8238142234801344,0.32871217255133156,246
0.9697815942582169,0.1102019509451655,247
0.3497587475514412,0.8750558307668185,248
0.1488606431589341,0.4687202582987898,249
0.31997100789522737,0.5248600360813498,250
0.7541232746550118,0.8201699839787182,251
0.25779880819161505,0.47800768821545514,252
0.708704519269919,0.5393748519243499,253
0.4684572903037635,0.8554959562917225,254
0.32455168171098125,0.22342760727623323,255
0.960568115828358,0.6378911079946955,256
0.5184809720492898,0.9251498719418206,257
0.054616049237254605,0.18550578041390675,258
0.9744568045685165,0.26975697019683365,259
0.7358828077579489,0.21411326124634633,260
0.9435069836777232,0.21910533311500147,261
0.5595171404425414,0.21111406502494268,262
0.9049826647576177,0.27759244842953457,263
0.43449549852691616,0.1883419203988077,264
0.5935345603510073,0.3938095874141283,265
0.3611241170143671,0.5896008007602109,266
0.719878624368243,0.23757424352309842,267
0.7555127801903199,0.35213756349510594,268
0.13884577964366074,0.393416700106184,269
0.018475566077559846,0.28934089432244114,270
0.2603261833865509,0.42998570000589664,271
0.8513831595317497,0.07597894544651929,272
0.07952906862177977,0.3933146867459313,273
0.9958722909634474,0.013171135160053082,274
0.2551199668820421,0.2606249308557338,275
0.9501797998319362,0.2219097969200866,276
0.5343222113223627,0.5986996604498246,277
0.7284569474207544,0.3095672037991466,278
0.7840305798991708,0.23530041591756135,279
0.07533465178775245,0.375833532794582,280
0.5547898195258838,0.932947675678756,281
0.1302003653945618,0.16835982014283957,282
0.5109424491661586,0.9125719271445645,283
0.8739534924580143,0.360483458359663,284
0.8088822938356689,0.4019486463809594,285
0.5026027196771298,0.8955912205583545,286
0.6873341083905697,0.13378145588206403,287
0.5711508608718836,0.42877437767743076,288
0.323933585083353,0.6160672745039439,289
0.12680572587388406,0.6392582029482692,290
0.5375203792185111,0.18685167740215736,291
0.5116195684588364,0.29846288506803353,292
0.034452494349706875,0.38669024641208416,293
0.38973067372485926,0.18618202931782168,294
0.39578662792402974,0.20312741530167688,295
0.5864797919430221,0.6912247480382208,296
0.5144861747537482,0.15758558636338915,297
0.13843744931737023,0.07469671620397089,298
0.6543175421409322,0.931572536558873,299
0.8345338230690839,0.8301804981335774,300
0.15106057787268612,0.015459223762320451,301
0.3681800197994687,0.4163982759879489,302
0.31463327913723627,0.33758690861132545,303
0.33173922204986406,0.9966424302045487,304
0.475798469571483,0.15709790672541357,305
0.5830193333097028,0.3198175867390418,306
0.5832363553960892,0.3121021073947373,307
0.2019072813019276,0.27517344425835866,308
0.8520624036868027,0.806948900954816,309
0.10051189956441908,0.826821320412346,310
0.9265304522548936,0.7132003864717988,311
0.8720152719545552,0.37224885495108206,312
0.630236872335962,0.8034248576434008,313
0.5453511256098362,0.7111000850179008,314
0.17278756798457018,0.3757622306167535,315
0.6635109028195173,0.23552856106439224,316
0.10444304101803259,0.8602958562725318,317
0.9025325740050893,0.49108668427843316,318
0.8735374279199978,0.7769591772746599,319
0.6470310715954656,0.3156792730303024,320
0.8594401528842488,0.7681771093552459,321
0.04781602800729878,0.8312022790360079,322
0.22624878140095994,0.5859654504986165,323
0.937394862231199,0.5515958532203828,324
0.7708416698024677,0.6349622039044293,325
0.2685241415460181,0.6808735643152511,326
0.7953014824635668,0.3989993832986425,327
0.8088913473260372,0.6570291960125045,328
0.07144156829348536,0.7110294554995243,329
0.18445534298084,0.9117683669195735,330
0.824519088581414,0.1423607804306879,331
0.9449357497369698,0.5521777305217965,332
0.689582507242436,0.03060947228272215,333
0.7141028013748852,0.9798691917314615,334
0.0025400601820021462,0.7560419529591336,335
0.4194791547739646,0.993154723037819,336
0.6808920409163834,0.030562143027439648,337
0.004756502650495542,0.5787869632745853,338
0.5298370846256988,0.03697943288031125,339
0.9093766268327792,0.9733282714797079,340
0.07058748384507085,0.18858460736606208,341
0.5977028598831087,0.3264198239320828,342
0.08514509944611692,0.31362166197615404,343
0.43641758924647056,0.3158343714908156,344
0.021238903139885412,0.4734165471023847,345
0.34458056461019804,0.09582427501327373,346
0.7666732171303012,0.8178186805027869,347
0.24613227284590045,0.9094082880080898,348
0.8453758256035987,0.7674945971313213,349
0.9268079852486336,0.11270363658707827,350
0.15892125096504173,0.34255917328972485,351
0.8086107618179452,0.9606021895828527,352
0.4694994477568144,0.4337762575819927,353
0.8400043042102565,0.3871448696101293,354
0.572424056937334,0.2525652743058655,355
0.16011370904564293,0.8355642375075827,356
0.5983989190132537,0.7610199869188524,357
0.8447661223424866,0.9944389115828094,358
0.582408275248397,0.7147351557311773,359
0.08694540634562065,0.9840405104575352,360
0.8029894272145499,0.2582812878275511,361
0.1717714180579395,0.34989657447874767,362
0.7152812711222748,0.8778817637271926,363
0.37752404725217925,0.8855855626724356,364
0.9424691719953862,0.7305900837690412,365
0.36144669321020895,0.2919729536811886,366
0.9441667333717166,0.5670430297086968,367
0.3597650338808769,0.4482904272446542,368
0.14551155498038437,0.8020413304953762,369
0.8426278988858397,0.5232939491448808,370
0.8632474984930002,0.7160397448017954,371
0.5528928290539106,0.12249355534750161,372
0.044710059311766415,0.6908639306063685,373
0.8768623766387961,0.32913231707494284,374
0.6797832523869686,0.6170558095691481,375
0.701581767369885,0.6830845783557273,376
0.46105903323379527,0.9388252095814854,377
0.03920432171728261,0.4974918062599736,378
0.7197271221554276,0.8685208085902624,379
0.4869848962036427,0.8517234755787805,380
0.25584721457478576,0.380785341019125,381
0.04955143970211362,0.9231662947454427,382
0.4140257553536718,0.3946204449347719,383
0.4058448914982,0.940559167425281,384
0.017841145902813715,0.11240991414201096,385
0.4166489734226446,0.4737721254359619,386
0.9967124045695461,0.18292902411994694,387
0.55348158346577,0.4650979327637609,388
0.8059427580194269,0.5005989910564975,389
0.6738052542725991,0.6111317663479826,390
0.5810453308248081,0.08186579313665332,391
0.933827072227878,0.8439192597107358,392
0.14038480926743946,0.2123316239009745,393
0.31082145792603655,0.18638916629115643,394
0.39361878349422563,0.6314420752289632,395
0.6640864671712187,0.006330744315172443,396
0.6557745440767445,0.7596627385887161,397
0.6493082523431228,0.6628475096252238,398
0.09939697518729351,0.9825211105442047,399
0.33411690761854174,0.5217091851205408,400
0.4736492529892522,0.193210380854692,401
0.36491305530605034,0.6238413961731248,402
0.9917959794392156,0.15470440357347903,403
0.4497765168149963,0.022925812992134365,404
0.32949565437604267,0.13999608534717622,405
0.33440574178522287,0.380385608538068,406
0.8556279302329906,0.7015051179573182,407
0.7844146667954011,0.6679706428087097,408
0.8954627699497668,0.6621525500322916,409
0.03211135634878348,0.6233314088444663,410
0.8222115928051759,0.3598060389550499,411
0.5533725870323489,0.47010663818841014,412
0.7189640326306467,0.45476377850081395,413
0.4468496682281796,0.23184495219852164,414
0.38155715900478937,0.17366705468855548,415
0.8991224228214756,0.8299154142855679,416
0.835170226174894,0.20806750089561232,417
0.04521861226431212,0.7885964010211514,418
0.1846823458760909,0.8422646925037437,419
0.4821312980386512,0.6610892553788326,420
0.324435844897226,0.8422466809941173,421
0.7797716902465629,0.6636792037268955,422
0.05692863190485531,0.07753960931168025,423
0.9705347780036444,0.10486548572445464,424
0.29144359118426144,0.9589198231128491,425
0.8351823550039587,0.26032862088616016,426
0.5073353416407747,0.8067176643017633,427
0.9275265540571123,0.5879175441291148,428
0.6082208309615369,0.0604786401613685,429
0.18087598356874823,0.29773637656398577,430
0.66467152658278,0.5571485725493551,431
0.3729101809422002,0.036284216504345546,432
0.6232151511825372,0.44216403267542004,433
0.5634717700649062,0.13769853560446388,434
0.8717708330609922,0.8786413128389168,435
0.2588990504515176,0.8801361777369796,436
0.8505543235256853,0.014000708822419106,437
0.9407470877162339,0.15019153992912815,438
0.6274603719089823,0.8319901078846644,439
0.30574366135104336,0.18891410310053114,440
0.08055616873135796,0.21028114125300057,441
0.9406479124584642,0.19885533155654467,442
0.9184097613996377,0.9247221919763803,443
0.21721809646647194,0.7509950828927017,444
0.8864548397410967,0.9708761519128736,445
0.7777371479296047,0.3103195616128652,446
0.522724121800222,0.728087372148419,447
0.7103544433802778,0.7988275288411778,448
0.7290353115369724,0.7726368919249658,449
0.18658448499890656,0.14238219998682977,450
0.5845388171530473,0.6189231244875041,451
0.12790311140665533,0.4616702934687591,452
0.8731691600288211,0.691884430611967,453
0.37165709319890994,0.8598325251712255,454
0.5636570712375054,0.5762261082901841,455
0.12620533077424367,0.028765883798695158,456
0.6726347184057749,0.332243908164104,457
0.8671645136389597,0.1359227492075582,458
0.9565864122540283,0.4023611199310879,459
0.6349007126136162,0.4738795085435361,460
0.5951429687734361,0.08888895304977562,461
0.5310735554282033,0.6857833544940551,462
0.39968363005908636,0.326625296210695,463
0.08187056282319605,0.5500667352064493,464
0.995373865448791,0.7459278279349032,465
0.8323236046313452,0.33307895493034556,466
0.6726213733790257,0.1322914251285412,467
0.1954909115850032,0.781629264457182,468
0.9901575342912413,0.2236098493171652,469
0.7707867839445908,0.3826013088405462,470
0.3640277343778291,0.6964029075035308,471
0.7530661334108724,0.40834536422141077,472
0.27837775143092724,0.006530787630555368,473
0.5882722801961551,0.38408355903516067,474
0.40493062940821045,0.6808643131723955,475
0.6640598768543848,0.6850506387839649,476
0.7509428012773982,0.3467995038022451,477
0.3034764728537451,0.20790680712043352,478
0.8360506103886683,0.34666483769592515,479
0.26241857327049956,0.12153971315932499,480
0.5660457559162261,0.15063246992951618,481
0.9705893911207741,0.7615178905457632,482
0.5294792518065037,0.3289931568078829,483
0.7512140535818239,0.5674605716819258,484
0.998251045750681,0.14358952055062002,485
0.1136886978285222,0.29692631230023114,486
0.11883419526763506,0.49610435077508985,487
0.44054301917612526,0.5231775529619931,488
0.9140101796638223,0.5733721230999389,489
0.959057906012585,0.35231762432511227,490
0.5962049065329568,0.5862225559134113,491
0.1655655478481174,0.1854803580452059,492
0.39490343741758926,0.7309754582077931,493
0.15403111644932876,0.7488158231700875,494
0.6766179008615026,0.5552568572069733,495
0.6094498632390078,0.6909687257398659,496
0.7281124616373236,0.2886895805534655,497
0.26244766310372214,0.28118779546988837,498
0.029500601673820293,0.08438724728898628,499
0.39693216803792863,0.2707997812530477,500
0.9554953233475142,0.21704194507950547,501
0.020797438747266805,0.3918065199847117,502
0.3300844346819807,0.9321828852055211,503
0.42823412751499257,0.7962449480600777,504
0.5683815962430694,0.451141384019888,505
0.622083228961823,0.16577270085034101,506
0.4980648330527897,0.4362185442695311,507
0.18233370478354682,0.14638109936655885,508
0.09861660480522638,0.5927432419244347,509
0.3006583442489811,0.1563914945832996,510
0.8135612235593165,0.13871167100881,511
0.37739411170280246,0.7491591637236659,512
0.7804504264913572,0.07219008045001829,513
0.8182394795089463,0.817217668986159,514
0.6540337786032923,0.6951647634569975,515
0.2888311602971749,0.8857040855255794,516
0.7630491693531022,0.1452621106948344,517
0.7175013708328821,0.5188176141876242,518
0.4315594025042224,0.14729852033096513,519
0.39875769263115646,0.5064693832263942,520
0.5937350666483442,0.3243547769936843,521
0.5187600391204678,0.9398445070619105,522
0.8671048527796735,0.9277631925399514,523
0.03941057271855475,0.5791585683791973,524
0.6422166300452596,0.4560900390373931,525
0.7523456627335213,0.5501292166215229,526
0.6133310633133389,0.47611394032384013,527
0.24577594168785744,0.8994374778879992,528
0.9444475798008921,0.001184193590177407,529
0.7398009143134981,0.8660433915427511,530
0.5722329775336774,0.41348369334012436,531
0.1453806148864173,0.5710316457731904,532
0.708984519983607,0.6563989394814826,533
0.3590950679483942,0.9142876071349789,534
0.06331284298950723,0.35995855675586375,535
0.3769399410899146,0.7323699924433942,536
0.5706491636965528,0.021085901546937014,537
0.340257291246429,0.7547086056450539,538
0.8931806477939638,0.5541256679284089,539
0.6427604585861626,0.222744425415889,540
0.10023191665192188,0.5160881383095592,541
0.7536310023975438,0.5601875705988071,542
0.11901727795777728,0.4518538200753761,543
0.12181604843617155,0.2606953447156388,544
0.32686857537725267,0.3861922029584186,545
0.7648042973454442,0.7276142860874458,546
0.8693239600624402,0.4136188367796272,547
0.34176587296640404,0.8182908607093006,548
0.27306730445322625,0.18013173301003005,549
0.350624358530061,0.28715766233774254,550
0.47080041580869214,0.11252004931690085,551
0.6812742340291875,0.5594782184607222,552
0.21447230848873022,0.7684422809738105,553
0.9608899220842092,0.36943265613613907,554
0.717373479420566,0.8436270935582105,555
0.29864368178243106,0.5367537236189024,556
0.5518880133523796,0.6542842732816314,557
0.06897745430775326,0.9214216021136961,558
0.31724797267383253,0.8347646765604833,559
0.4181208175011375,0.3428991820624053,560
0.7071787112253201,0.6258194948231421,561
0.14709264556780288,0.6467950951849755,562
0.4106183456199062,0.6469173530684551,563
0.8385835918200729,0.01500883916700857,564
0.9469138538575617,0.8985647420407252,565
0.401793116066137,0.9263291180447588,566
0.8616175644563934,0.9251470040230231,567
0.7142492534371511,0.2578182430269297,568
0.7261805558130019,0.8903784073025125,569
0.5734638863317342,0.7741971442786608,570
0.03495498087348581,0.5533615363161012,571
0.4681566975563398,0.2813689190266896,572
0.9455922819611606,0.3238919168331076,573
0.27869545897765546,0.2456860509792489,574
0.7206203863497793,0.8131245756941567,575
0.6891161268137715,0.304310358184808,576
0.5244405477441398,0.4904760251016659,577
0.7159914344232473,0.9031208131243398,578
0.7940724704980809,0.36535010168411763,579
0.261795249684613,0.630202367818564,580
0.1553288183177043,0.9489247678741641,581
0.23778420816602863,0.07100919793858118,582
0.24330280368459312,0.9017842827278851,583
0.1995116739446574,0.14014332925151152,584
0.6094809429828633,0.8058842368911184,585
0.6341163261570839,0.9744509984885837,586
0.7608625718326514,0.8041915166184955,587
0.14909879923732927,0.8203763926169289,588
0.028689119800841767,0.4719070750738166,589
0.937280569342556,0.7340829233931714,590
0.4285757572679223,0.6711939716602054,591
0.5224676124875476,0.19213037102310548,592
0.8604546244837925,0.5338290239991462,593
0.6051088781354926,0.3513980301445937,594
0.04456780261501392,0.9096275885805174,595
0.045605004827226736,0.9487892063067512,596
0.028941970267756578,0.7283548225173595,597
0.8954327159064585,0.8981734786368247,598
0.21434343109749965,0.8361615248320029,599
0.643615566797622,0.8497903060582561,600
0.2172254100679022,0.848646062765155,601
0.34832437233278557,0.6910889769329283,602
0.7635530097903404,0.9663715930854815,603
0.916849060540255,0.23889068660879698,604
0.9989694244576259,0.7668409887965152,605
0.36004322302540803,0.5196092769744539,606
0.4576034770382609,0.9344186617119847,607
0.744715134946043,0.45430629155984625,608
0.941526602454212,0.6889654970064094,609
0.6727683927656756,0.9257175325829093,610
0.6599809730725705,0.657205962303271,611
0.01707898175476863,0.29014498814593537,612
0.9422776116381614,0.018059456841208688,613
0.22210911873214967,0.36879396179191715,614
0.07462109264746442,0.8540908191331119,615
0.9873116975323813,0.35218188775451986,616
0.9320329819710805,0.18041974095621194,617
0.3838601992040317,0.9764916331835645,618
0.5852472836590839,0.075362718125072,619
0.3669813268194657,0.38423165606465315,620
0.5711590104477196,0.9845277524028531,621
0.8797782469899612,0.7974598443098835,622
0.7239616683373578,0.33707749075350657,623
0.6860588300248024,0.45006762259365307,624
0.4359109335166893,0.0009636713983138812,625
0.3646417472596031,0.4383359733434319,626
0.9010776297418118,0.42812292060819834,627
0.2082123595793559,0.8710926686069208,628
0.9953091458036315,0.18138903099954073,629
0.4934661475720151,0.6376744799602897,630
0.13733412722242244,0.08089359355233972,631
0.3540462690450318,0.8999179305968346,632
0.9963073218150731,0.9767597370440981,633
0.32275612644541807,0.9478543963200251,634
0.9478897941813075,0.5305509902058371,635
0.46520630754756276,0.9140570053655966,636
0.04869721458248477,0.7953043709471401,637
0.46169247066691477,0.443852730682063,638
0.21121959705509108,0.8334932361709789,639
0.3378282717491259,0.6327315621147598,640
0.5192255444567306,0.6475120470076641,641
0.3426068408200199,0.8277892001821299,642
0.3813436995930154,0.04980074899219167,643
0.7529818954036791,0.010257074536399458,644
0.8001741027942215,0.5000395159827664,645
0.7732277010397175,0.3095196188977676,646
0.8042093202589053,0.4550904714827275,647
0.7328277912217844,0.8213882686046563,648
0.45047081390822163,0.14644349591159045,649
0.5729538344019531,0.18171196566848602,650
0.9301343993098625,0.5024924441518449,651
0.6959423147586112,0.7297503007231437,652
0.23348284052865975,0.606249621549435,653
0.3153815444557041,0.8261178475573218,654
0.072598859463892,0.046593348106760635,655
0.10451866842749857,0.3089564345650082,656
0.9055747125172627,0.2582285760738272,657
0.4273430989795798,0.31700553770567463,658
0.11791638122929204,0.1186747344338489,659
0.9052790568120145,0.7209046400751303,660
0.0038198643081669426,0.7875451897975181,661
0.9094012556768686,0.4933576360714056,662
0.9551325058582232,0.7761331726484053,663
0.6515624197375751,0.2402331317289207,664
0.17520356467758602,0.8192040526905395,665
0.9018153105583898,0.31002269738284927,666
0.5008950501172458,0.7534886306012798,667
0.33305142875201676,0.6260867161899231,668
0.28112938117468733,0.2730720653879617,669
0.30251635205349436,0.6253120571803387,670
0.8834435523094958,0.8834711935903613,671
0.1068026920125148,0.9796595237630882,672
0.7877289746890346,0.9460299470925377,673
0.23670732796094074,0.6597038847587546,674
0.7346233431001283,0.9504962392281446,675
0.19873827734251537,0.005633802195818216,676
0.9601987633233985,0.5050594615703665,677
0.8183143303894216,0.013953559630002,678
0.5965596480248769,0.058206069879164324,679
0.056558405216619034,0.4962138176958568,680
0.5969658012265545,0.7886293995776935,681
0.0010227339796549106,0.9475188770710881,682
0.18670916672923454,0.3055638379343889,683
0.17109327438118593,0.6571293113875689,684
0.19347660316824644,0.4198685295838912,685
0.22083769193671954,0.7435504802552717,686
0.6765933943495178,0.6590089810327482,687
0.9949769759641264,0.6303362573961837,688
0.5295792299043621,0.17127640624011875,689
0.37042958604097576,0.328481256318342,690
0.42682054474926423,0.2480525431583812,691
0.9780398823877496,0.5339102471843025,692
0.07484541531598687,0.4404883096516867,693
0.5608493555463551,0.17987983408462205,694
0.9307302519390124,0.8343856852135955,695
0.3245798814662544,0.44042255781478523,696
0.713168537985322,0.09416607510322517,697
0.629642519022766,0.3734462582200784,698
0.6250630478582556,0.33670631963317077,699
0.8133881958400213,0.00490350964259445,700
0.2401277093273939,0.3508066369148417,701
0.1625039704348622,0.16577129686524028,702
0.21233968869025577,0.9294014784388263,703
0.811680021787178,0.2834077219749055,704
0.3368740757727632,0.1461791234377554,705
0.4942801557377948,0.25946773766659126,706
0.8125089280622753,0.6757555720914485,707
0.5226194229554783,0.13591756504501118,708
0.15434207012423784,0.9149078907114521,709
0.05229071231785176,0.8882179309969062,710
0.11865592365025024,0.3462188851693926,711
0.6978767248921993,0.35151608760617614,712
0.1908088930858688,0.0661567640507531,713
0.32811569415319175,0.8345444930537813,714
0.8674454970447492,0.11958186910264668,715
0.29516735037878694,0.6453937410701077,716
0.7964030779186033,0.14021841094842413,717
0.7520974897577785,0.946807311366167,718
0.41504506824377096,0.8240545688303577,719
0.1284136019597245,0.49619033577377025,720
0.5008192119119483,0.828559224577048,721
0.5570370792026668,0.6571532709872215,722
0.3263466747301583,0.06750979317138284,723
0.3561795886363034,0.41798993000955686,724
0.3236775705389531,0.2794837256162769,725
0.31246018704011835,0.39218263408024856,726
0.8219408448599542,0.13465661706067877,727
0.056808812923613505,0.43936036587048666,728
0.6702169926437208,0.37576433441402024,729
0.043586977685377226,0.1967025472527122,730
0.8210861590332577,0.2713509174147394,731
0.35424271157026965,0.3378096118834959,732
0.4498465191969191,0.23911480316386202,733
0.8083546236131693,0.30138721832823867,734
0.07600846180393461,0.5961615205487704,735
0.8163885359889196,0.8188944335662771,736
0.21236454519501313,0.06201999475709763,737
0.5769446347201581,0.05707162580566649,738
0.287260913775062,0.20005296295842134,739
0.33342559773286484,0.5177968422133956,740
0.9696304184842067,0.9307319905990458,741
0.9044400667429859,0.6906275061119904,742
0.15267697225675214,0.4683123120025723,743
0.36594001073937155,0.6338186586383551,744
0.31566623446789976,0.8177354577594491,745
0.7930466894545054,0.8245693058653099,746
0.3975217020070083,0.782520739320496,747
0.26250877338189427,0.01977512346323862,748
0.019812767390233188,0.8055781741108201,749
0.6090318437816644,0.045045931636436776,750
0.804192347539722,0.2670591453803072,751
0.9563763038648686,0.06725128183528839,752
0.6392771622468931,0.010863806043985402,753
0.7076782163148111,0.3231525992581952,754
0.30977669234359084,0.7869118023237263,755
0.3656277815165393,0.3504458388468008,756
0.7910279975422978,0.0172488191683986,757
0.723996401087598,0.03172040897172168,758
0.9166091617621235,0.7101503923517243,759
0.806960897032585,0.7861126578744995,760
0.22496676255651826,0.20979891287834718,761
0.30053648086907714,0.0700701354776927,762
0.588231388886667,0.5896799613957662,763
0.5520226497973738,0.1728014462255434,764
0.9693653768775063,0.38493359417282524,765
0.6757246615633478,0.7262764549654759,766
0.4580979644032618,7.11139136130301e-05,767
0.334915355059225,0.2409850140959493,768
0.7393884037387352,0.09689287942692237,769
0.7886775958268976,0.8124936900153884,770
0.7880323292402532,0.6960353034306789,771
0.3420719174879199,0.2157677477932135,772
0.43023602113261117,0.13737360677190602,773
0.1717737764732199,0.4616492917501481,774
0.4911593944398547,0.6522338094597442,775
0.41233664905884404,0.2802588524699753,776
0.18851481709057483,0.8405511905106547,777
0.5273650367705834,0.6477422577457201,778
0.06263780846841271,0.9915104352858644,779
0.49495415975636203,0.15204602673697165,780
0.4810488367945034,0.11764231995019192,781
0.5592878984210827,0.9322059861469164,782
0.9098688366956635,0.6406426345263411,783
0.19213167198038283,0.31545764800230003,784
0.6775621967721819,0.9998143268159201,785
0.9100632584075307,0.7497775788456739,786
0.18310840547391505,0.24667263098991987,787
0.5283971136608724,0.7421487612800313,788
0.7838153600001468,0.05113483515293282,789
0.31084418581571926,0.24597780004849124,790
0.7159775771456213,0.15730069149403791,791
0.6428378834731706,0.7416981630148372,792
0.039447380412506616,0.176917041244401,793
0.03825972383448761,0.9744294287415997,794
0.3161823620793788,0.782627419496512,795
0.9133051934156841,0.8276563987679272,796
0.583362920964516,0.09111630774356794,797
0.47247034219270234,0.3738682725903748,798
0.24240800476503743,0.08907388697230445,799
0.20716193094594992,0.9898585282419669,800
0.6829522218979813,0.16518799642596915,801
0.44412762647556026,0.12539309635286355,802
0.8738831261333122,0.9501227891097811,803
0.28000606896012425,0.3461686935594561,804
0.5924415273003446,0.9018926849965716,805
0.2293166329711127,0.3256108931220695,806
0.5466869629488703,0.832697790538081,807
0.34840479848200145,0.5846045063127606,808
0.4976387107961068,0.6642972728896018,809
0.590608065947828,0.9031818533133302,810
0.9547682575703161,0.6600436103307603,811
0.5651670944067206,0.0653511149652809,812
0.08942780393945926,0.5548634344941259,813
0.03144100689395635,0.4596494230863336,814
0.029385488753448152,0.524339317304596,815
0.4157569517767491,0.06670280450020394,816
0.9665489730869381,0.8826439583535021,817
0.7692502041001914,0.43760674772268604,818
0.021900111847743986,0.6265383070781568,819
0.7305696591409532,0.9837106437031415,820
0.9639099089372787,0.458625597650387,821
0.9348073927496838,0.5428534383339734,822
0.19808517005075332,0.772574683359527,823
0.033864125412241375,0.8284097922128976,824
0.03334130740529995,0.15861082015239913,825
0.001986205330533175,0.24704256564357896,826
0.08974030835264324,0.9878725198074898,827
0.3081855032455343,0.6048195889875609,828
0.2935031407249614,0.35361549055184227,829
0.6026472250655469,0.7603299979112084,830
0.6498281888046061,0.2901142928545185,831
0.9460373186290295,0.9062043455788377,832
0.4766569817153694,0.13651159608684793,833
0.7712062322750586,0.345831727160952,834
0.4334787877701014,0.8331271085428602,835
0.9998333873454751,0.6957409607701867,836
0.08387771112986486,0.7034272123766336,837
0.3137546767232212,0.47089772497496984,838
0.8047668391008934,0.13229683021850802,839
0.5833909643376041,0.22560894337659798,840
0.7055294975791807,0.8109792706373368,841
0.2936133015582951,0.470177083204534,842
0.3346383426195275,0.9701471852976358,843
0.29611230805478594,0.39067996352303325,844
0.8405232160444718,0.710932439315783,845
0.649646695360856,0.7498980830905336,846
0.3776160000273361,0.08529939231571726,847
0.03255902242149633,0.989431630632008,848
0.11647148213174507,0.6054972432878466,849
0.27649106318602046,0.6558486163005399,850
0.6115642190145179,0.38050804257505966,851
0.2543275634199663,0.9860443458993806,852
0.4785681970916884,0.7813828980616153,853
0.9217988447418466,0.6819622287658192,854
0.9217034834727387,0.133484536690751,855
0.43630204513413473,0.7882589315620852,856
0.27955686674764235,0.8338664089295548,857
0.36575916989713275,0.09280040890392971,858
0.0646762371671189,0.22858159362555852,859
0.9534305884904476,0.7240622199904204,860
0.3110684677565334,0.054930198659590146,861
0.4921783867370507,0.2919538237316923,862
0.06149133713122368,0.22244065807852764,863
0.9608138227160945,0.4371849303699814,864
0.22562134428376746,0.9349171515948121,865
0.010191270841870548,0.0824079629000748,866
0.8666877450759364,0.45920061581244287,867
0.8861501371394936,0.27330285640758467,868
0.12308325284415,0.004001568394928157,869
0.7237926019441993,0.8589217192940488,870
0.5118154711099547,0.9307781275686131,871
0.8756432082978072,0.018294392376400292,872
0.5106317087390605,0.8662581929013945,873
0.6574323674565092,0.3270592928705025,874
0.6441881541208188,0.7084024538416812,875
0.39684938085864907,0.9944494737565321,876
0.9773044009866089,0.4957429300631052,877
0.9191542776649266,0.2272431471670714,878
0.2811068536428456,0.8657696097738559,879
0.25179103691133586,0.820719706277708,880
0.04311794679402248,0.10221755795113696,881
0.708131933330594,0.9987278882302972,882
0.37723012198022454,0.33985729457236336,883
0.22195090515260096,0.4894580577611014,884
0.8126060551323662,0.8439753440099702,885
0.2289783347393618,0.5946377470819252,886
0.6804769852957152,0.00028144462759804867,887
0.10675407524856895,0.651868552799115,888
0.9502254627658183,0.7367605911953601,889
0.8611298284753325,0.28541999388521166,890
0.9522206694078326,0.06445802809345735,891
0.7624398011740522,0.7246213199675773,892
0.012522902282950832,0.6883228188543749,893
0.5315271529047706,0.1391885051180909,894
0.027322543442672154,0.05214045990253868,895
0.24591399943346215,0.2674238647109721,896
0.14669444827421985,0.053886855923067634,897
0.5135439991108951,0.7574997739576927,898
0.6669852258699359,0.29459074176732447,899
0.14113259255196597,0.7326175040862835,900
0.11951167200949242,0.1497622406522563,901
0.33196105979670154,0.6672457840332109,902
0.9403012803920371,0.39230252259990295,903
0.6172991829771308,0.3494121777055429,904
0.9672111782694505,0.5751663989524298,905
0.5088957201336669,0.1232949270090894,906
0.12347690157380686,0.07301797812577315,907
0.2901301315690814,0.1962081292239145,908
0.6447994031942181,0.6004299209980786,909
0.94620332378229,0.7697192405186917,910
0.4878777082817811,0.8846447583811913,911
0.20566455554661955,0.896106874893201,912
0.5094580930432822,0.649129426849045,913
0.02509935750388037,0.3564318859309479,914
0.578738996381,0.8017467819093864,915
0.224536371665222,0.4239753971173654,916
0.7746970476848255,0.903322905824445,917
0.09939365017960378,0.6862270888163441,918
0.39783199119569124,0.6321103036551038,919
0.4968367469580529,0.5366334476249056,920
0.23976308320890916,0.8453006005906905,921
0.9909343489815723,0.04387995535441158,922
0.5500505605572604,0.9333395942465245,923
0.8116423802400263,0.3949138714286391,924
0.8164929421633392,0.9238376558588695,925
0.06821823306842667,0.6538630134885219,926
0.9341345124015569,0.5971486987730131,927
0.882866984547988,0.565761840439709,928
0.21436108667872011,0.46263882936215894,929
0.25408911242804155,0.05410939200348264,930
0.8605823456652608,0.6876798822356369,931
0.3779020925932458,0.9361621600894641,932
0.8889206697801271,0.9915282220682788,933
0.8632415532389557,0.050015363009060065,934
0.28086557296114645,0.8374768959816585,935
0.05625029702016482,0.5801679278465924,936
0.6229164568050924,0.5420938068879503,937
0.6699067693516153,0.2598665797755071,938
0.7736908033646069,0.9274145394972445,939
0.6164588788681755,0.3140755836368958,940
0.49558155186327457,0.28849455048208106,941
0.9633574508803591,0.44434461118422885,942
0.8411998907958531,0.45260377880465585,943
0.19801076159471032,0.7675791140789487,944
0.9881243331533173,0.19109587512207427,945
0.5613510307514108,0.9285572545993117,946
0.33868233811499415,0.24220016446989745,947
0.06843199152385204,0.16826994553028418,948
0.038897427808126106,0.7217448051143619,949
0.4217898066935135,0.8180981698038808,950
0.9555349547083215,0.38219493715534736,951
0.9836672157717304,0.11670295976913425,952
0.7033240886988285,0.8860602528191327,953
0.8416255326348051,0.6964400345408136,954
0.9015648136084601,0.7669886709269024,955
0.7094900317125095,0.1644487894948541,956
0.9774465852709874,0.5597151638970626,957
0.7550486251042886,0.28366136281863585,958
0.5732880857593243,0.8889327831943916,959
0.4930847449982477,0.10652451216248693,960
0.36113586958478316,0.9560848098935962,961
0.9004942833184266,0.9971728631353071,962
0.6799134876227774,0.578996898118317,963
0.5682831390739203,0.16384860468770013,964
0.9822207241375144,0.21811164901516034,965
0.7176551624064047,0.21942233787232623,966
0.39885313223372665,0.2890475549386493,967
0.1250355040508755,0.049556887510443404,968
0.6850154367363576,0.4855872174414041,969
0.5248927903721429,0.4829707556645739,970
0.8959619803273123,0.6204148056534209,971
0.6211083734871801,0.11310755025574115,972
0.8222522299554595,0.053035741554116944,973
0.4957180220913704,0.24214688802182704,974
0.5988386205944157,0.817782796569887,975
0.2286164445652572,0.3138383501858836,976
0.193409983176539,0.9192653493800965,977
0.529560965608749,0.8167132943495329,978
0.9202632086840453,0.11089131556875387,979
0.9562391425458022,0.5622818246004648,980
0.280913719821553,0.477709775927856,981
0.2425025706096442,0.618938517751275,982
0.7266160489583001,0.48340269914839895,983
0.3099909920492627,0.6476509807710588,984
0.6615434213466732,0.8691946464626642,985
0.6060458401285531,0.5908830393641957,986
0.35240328474610305,0.9391375664493831,987
0.7529108085825373,0.3561150069079274,988
0.8308250118590685,0.10697528661347089,989
0.27392598604634855,0.5604567880422247,990
0.2935509650567112,0.7233518266167225,991
0.03598635013873441,0.29562742238416917,992
0.023418661161994425,0.8954098031754191,993
0.4679699074778353,0.9784430385657921,994
0.9792105708815555,0.3269715530607682,995
0.3642296237458793,0.6025122120774665,996
0.17991646835616926,0.20694346498398386,997
0.7958447574012616,0.2939966031923299,998
0.9212031628829184,0.8453521764899914,999
